date,meantemp,humidity,wind_speed,meanpressure
2012-11-06,7.1,81,2.3,1003.9
2012-11-07,8.4,68.4,2.4,1005.9
2012-11-08,8.8,74.6,1.6,1007.6
2012-11-09,9.4,63.6,2.5,1013.2
2012-11-10,12,49.3,4.6,1011.5
2012-11-11,8.7,72,5.3,997.4
2012-11-12,7.3,67.8,4.6,1001.8
2012-11-13,5.3,54.8,3.6,999.2
2012-11-14,2.4,53.3,3.4,1007.2
2012-11-15,4.2,51.5,1.4,1016.3
2012-11-16,4.9,74,2.1,1011.1
2012-11-17,5.3,61.6,3.2,1005.5
2012-11-18,3.5,45.1,1.7,1010.6
2012-11-19,3.4,64.4,3.2,1007.4
2012-11-20,1.9,51.6,2.1,1013.1
2012-11-21,4.1,62.5,1.6,1010.9
2012-11-22,6.7,68.3,2.1,1008
2012-11-23,3.3,63,3.1,1007.9
2012-11-24,1.7,46.9,2.3,1012.4
2012-11-25,3.4,55.6,1.6,1009.9
2012-11-26,2.3,51.5,3.8,1005.3
2012-11-27,2.1,38.9,1.7,1011.3
2012-11-28,5,54.5,3.8,1005.5
2012-11-29,0.8,34.4,2.3,1013.2
2012-11-30,1.7,49.6,2.5,1014
2012-12-01,-0.9,47.9,1.8,1018.1
2012-12-02,2.9,50.4,2.3,1012.5
2012-12-03,1.7,66.9,3.8,1003.7
2012-12-04,-3.3,41.3,3.7,1010.5
2012-12-05,-3.8,66.5,3.2,1005.3
2012-12-06,-6.3,53.4,2.5,1013
2012-12-07,-4.5,76,4.1,1008.1
2012-12-08,-8.2,42.4,2.8,1009.3
2012-12-09,-10.5,45.5,2.8,1010.8
2012-12-10,-8.3,51.3,2,1014.7
2012-12-11,-6.5,55.3,2.1,1015.9
2012-12-12,-5,56.8,1.6,1019.5
2012-12-13,-1.5,55.1,2.7,1020.4
2012-12-14,2.7,79.8,4.5,1008.6
2012-12-15,4.6,78.4,2.2,1007.4
2012-12-16,1.6,77,1.9,1011.5
2012-12-17,-0.4,65.4,3.4,1010.3
2012-12-18,-6.8,49.4,3.4,1015.3
2012-12-19,-6.9,45,2.1,1018.1
2012-12-20,-3.4,49.1,2.4,1020.4
2012-12-21,-0.7,66.1,2.6,1012.2
2012-12-22,-3,67.4,2.9,1012.9
2012-12-23,-8.9,53.9,4.4,1017.3
2012-12-24,-8.8,52,1.9,1017.2
2012-12-25,-8.9,50.9,3.5,1019.8
2012-12-26,-10.8,33.5,2.4,1024.3
2012-12-27,-5.7,47.1,1.6,1020
2012-12-28,-0.9,59.5,1.8,1014.1
2012-12-29,-0.3,84.1,1.9,1010.6
2012-12-30,-8.2,54.6,4,1008.5
2012-12-31,-8.7,45.9,2.2,1010.2
2013-01-01,-4.7,73.5,3.2,1007.6
2013-01-02,-11.7,40.8,4.2,1020.4
2013-01-03,-13.2,42.8,2.8,1026
2013-01-04,-10.7,44.3,1.8,1021.2
2013-01-05,-7,59.4,2.3,1015.4
2013-01-06,-6.3,59.4,1.9,1015.4
2013-01-07,-5.1,53.6,1.7,1014.5
2013-01-08,-4.6,53.4,2.2,1015
2013-01-09,-9,38.5,3,1016.5
2013-01-10,-8.3,41.3,2.3,1019.9
2013-01-11,-3.2,50.5,2.3,1018.3
2013-01-12,0,70,2.5,1014
2013-01-13,-0.5,65.6,1.6,1013.5
2013-01-14,-2.1,61.6,2.2,1010.6
2013-01-15,-2.1,57,2,1014.3
2013-01-16,-2.6,64.1,2.4,1013.3
2013-01-17,-5.8,62.9,2.8,1018.3
2013-01-18,-4.4,51.9,2,1019.4
2013-01-19,0.5,59.9,2,1018.3
2013-01-20,1.6,55.8,3.1,1020
2013-01-21,2.2,83.6,4.3,1010.5
2013-01-22,3.8,74.3,2.2,1010.2
2013-01-23,1.8,80.4,3.1,1008.1
2013-01-24,-0.9,57.6,4.3,1005.9
2013-01-25,-9.1,37.5,4.7,1011.3
2013-01-26,-9.2,37,3.5,1012.6
2013-01-27,-7.3,44.9,2.6,1014.6
2013-01-28,-3.5,56,2.1,1016.1
2013-01-29,2.2,63.5,2.7,1015.8
2013-01-30,5.4,68.8,2.1,1018.9
2013-01-31,7.4,59.5,2.9,1018.9
2013-02-01,7.3,85.8,3.7,1007.1
2013-02-02,-1.1,52.1,4.1,1016.5
2013-02-03,-3.2,62.3,2.7,1014.8
2013-02-04,-0.8,77.1,2.6,1010.1
2013-02-05,-0.6,77,2.4,1010.8
2013-02-06,-1.5,75,3.3,1007.9
2013-02-07,-11.1,42.5,5.5,1014.8
2013-02-08,-11.5,39.3,2.7,1021.2
2013-02-09,-7.2,55.5,1.8,1017.4
2013-02-10,-4,56.6,2.9,1016
2013-02-11,-5.8,41.8,2.1,1020.6
2013-02-12,-3.8,55.6,2.3,1015.2
2013-02-13,-1.3,59.6,2,1016.8
2013-02-14,1.1,60.1,2.3,1014
2013-02-15,-1.2,48.4,3.9,1013.1
2013-02-16,-2.6,38.8,2.1,1016.9
2013-02-17,2.3,44.5,2.5,1010.2
2013-02-18,0.5,49.8,3.5,1008.2
2013-02-19,-2.9,27.5,4,1014.4
2013-02-20,-4.8,35.3,2.6,1018.5
2013-02-21,-1.7,49,2.5,1018.8
2013-02-22,0.5,57.1,3.1,1015
2013-02-23,-0.9,45.9,3.7,1017.8
2013-02-24,1.4,42.4,2.2,1018.9
2013-02-25,3.3,39.4,1.7,1018
2013-02-26,4.8,56.4,2.6,1010
2013-02-27,3.4,69.5,3,1008.7
2013-02-28,6.7,57.3,2.9,1005.5
2013-03-01,0.8,56.1,4.8,1006.3
2013-03-02,-0.8,42.6,3.2,1015.8
2013-03-03,0.4,50.3,2.9,1012.3
2013-03-04,3.1,58.6,2.8,1010.1
2013-03-05,3.7,51.8,3,1013.8
2013-03-06,7.9,43.1,2.2,1009.2
2013-03-07,8,74.1,3.7,1001.2
2013-03-08,8.5,66,2.7,998.6
2013-03-09,13.2,48.8,4.3,996.5
2013-03-10,1.2,32.5,5,1010.6
2013-03-11,4.2,33.4,2.2,1013.8
2013-03-12,7.5,60.4,2.1,1004.7
2013-03-13,5.2,64.5,3.6,1003.7
2013-03-14,4.1,48.9,2.9,1016.5
2013-03-15,4.6,43.4,2.4,1014.9
2013-03-16,6.3,53.6,2.3,1013.4
2013-03-17,8.2,57.5,2.9,1003.4
2013-03-18,8.3,73,3.3,994.3
2013-03-19,8,61.1,2.2,1001.6
2013-03-20,2.8,51.9,4.3,1002.6
2013-03-21,1.5,34.3,2.5,1007.2
2013-03-22,3.4,61.6,2.3,1003.2
2013-03-23,5.4,39,2.3,1004.5
2013-03-24,5.1,47.4,3.9,1002.6
2013-03-25,2.8,40.3,3.8,1007.2
2013-03-26,4.4,39.9,2.5,1010.3
2013-03-27,7.5,30.1,2.8,1005.6
2013-03-28,7.3,42.1,2.7,1006.3
2013-03-29,5.4,28.6,3.4,1010.4
2013-03-30,4.9,43.1,2.3,1011.9
2013-03-31,6.3,46.4,2.7,1012.7
2013-04-01,9.2,44.5,2.2,1009.3
2013-04-02,7.2,86.1,2.7,1002.7
2013-04-03,7.9,64,2.6,1005.7
2013-04-04,12.6,44.5,1.9,1006.1
2013-04-05,14.6,42.1,2.6,1002.5
2013-04-06,7.5,84.4,2.9,990.7
2013-04-07,5.1,57.3,4.4,995.8
2013-04-08,8,55.1,4,1002.5
2013-04-09,6.2,50.8,5.1,1003.2
2013-04-10,5,49.3,4.1,1006.7
2013-04-11,5.5,54.5,4.9,1005.4
2013-04-12,6.9,42.6,3.7,1007.7
2013-04-13,11.4,38.6,4.5,1001.3
2013-04-14,8.3,40.4,4.7,998.1
2013-04-15,7.5,31.5,2,1000.1
2013-04-16,13.2,54.5,4.4,993.9
2013-04-17,14.8,62.3,2.9,997.7
2013-04-18,12.3,37.4,4,1001.1
2013-04-19,9.8,27,3.2,1007.1
2013-04-20,6.6,70.8,2.3,1006.5
2013-04-21,9,58.8,3.3,1008.3
2013-04-22,11.4,43.8,2.5,1011.2
2013-04-23,11.2,59.3,2.7,1004.7
2013-04-24,12.3,67,3.7,999.2
2013-04-25,9.3,78.9,3.3,998.3
2013-04-26,11.7,55,3.6,999.7
2013-04-27,12.8,51.4,2.8,1006.3
2013-04-28,16,51,3.8,1006.5
2013-04-29,13.5,67.6,4.5,1000.9
2013-04-30,13.4,48.8,3.5,998.5
2013-05-01,13.2,52.4,3.3,1000.2
2013-05-02,12.4,67.1,2.5,1001.9
2013-05-03,12.6,64.8,3.2,1005
2013-05-04,13.9,58.1,3.1,1008.4
2013-05-05,14.3,51.8,3.4,1010.3
2013-05-06,14.6,54,3,1007.9
2013-05-07,18.7,41.4,2.7,1009.5
2013-05-08,19.4,33.6,2.7,1008.9
2013-05-09,18.1,55.3,2.1,1002.7
2013-05-10,14,89.3,3.6,992.7
2013-05-11,17.9,55.5,3.5,994
2013-05-12,19.1,61.3,4,994.7
2013-05-13,21.6,45,3.5,1000.6
2013-05-14,20.2,46.9,2.9,1001.9
2013-05-15,19.4,57,3.3,1002.7
2013-05-16,22,33.3,4.2,1006.8
2013-05-17,20.2,36.6,3,1005.7
2013-05-18,17.7,62.8,2.2,999
2013-05-19,16.6,80.9,3.1,989
2013-05-20,14.4,76,3.2,993.8
2013-05-21,17.7,43.3,2,997.4
2013-05-22,19.7,49.4,2,1000.7
2013-05-23,22.1,59.3,2.1,1002.9
2013-05-24,21.3,58.9,2.6,1003.8
2013-05-25,24.7,49.6,2,1003.6
2013-05-26,23.9,45.9,2.5,1005.6
2013-05-27,19.7,80.4,3.5,999.6
2013-05-28,18.9,89.1,2.8,995.2
2013-05-29,16.1,87.8,3,998.7
2013-05-30,19.2,57.9,2.7,1002.4
2013-05-31,21.3,46.6,2.2,1000
2013-06-01,21.7,44.3,2.2,997.2
2013-06-02,23.5,48.6,2,997.1
2013-06-03,21.3,59,2.9,1001.8
2013-06-04,22.8,54.3,2,1006.2
2013-06-05,24.8,51.8,2,1006.5
2013-06-06,25,55.9,2.1,1004.4
2013-06-07,25.7,50.9,2.2,1001.6
2013-06-08,26.4,48.5,1.9,998.9
2013-06-09,27.4,38.3,2.2,997.2
2013-06-10,27.5,35.5,2.3,996.9
2013-06-11,23.7,57.9,2.6,996.4
2013-06-12,20.5,85.4,2.2,998.7
2013-06-13,23,70.5,1.9,1002.8
2013-06-14,24.6,62.3,2.3,1003
2013-06-15,24.6,58.4,2.6,1001.7
2013-06-16,22.5,69.8,2.8,998.1
2013-06-17,22.3,76.8,2.2,992.5
2013-06-18,21.7,90.1,1.9,986.9
2013-06-19,24.3,71.1,1.6,990.7
2013-06-20,25.8,58.5,1.8,995.4
2013-06-21,26.6,57.5,1.9,995.4
2013-06-22,25.1,63.9,2.5,996.4
2013-06-23,22.9,69.6,3.2,996.6
2013-06-24,23.5,66.6,2.3,996.2
2013-06-25,25.1,58.6,2.1,995.6
2013-06-26,24.5,59.8,2.6,992.7
2013-06-27,25.1,63.1,2.5,994.6
2013-06-28,25.5,61.1,2.3,996.5
2013-06-29,27.2,54.8,1.8,1000.3
2013-06-30,27.7,60.4,2,1000.3
2013-07-01,27.1,58.4,2.7,998.1
2013-07-02,24.3,82.5,4.6,989.9
2013-07-03,25.2,69.1,3.8,989.4
2013-07-04,24.9,84.3,3.5,988
2013-07-05,25.6,73.4,2.7,987.8
2013-07-06,25.2,73,2.7,996
2013-07-07,24.9,78.8,1.8,997.8
2013-07-08,24.3,88.6,3.5,996.8
2013-07-09,24.5,87.3,3.2,997.1
2013-07-10,25.3,82.8,3.9,996.1
2013-07-11,24.6,86,4.1,997.4
2013-07-12,23.6,88.4,4.9,997.8
2013-07-13,24.2,90.1,1.7,1000.8
2013-07-14,24.1,90.9,3.7,1001.4
2013-07-15,26.5,80.1,3.5,1000.6
2013-07-16,26.9,70.4,4.5,997.4
2013-07-17,24.2,89.1,3.7,998.4
2013-07-18,25.1,85.6,1.9,1000.1
2013-07-19,26.8,72,3.2,999.6
2013-07-20,27,72.4,4.2,997.9
2013-07-21,26.8,78.8,4.8,996.3
2013-07-22,26.4,81,3.1,997.9
2013-07-23,25.7,87.3,3.8,993.9
2013-07-24,24.7,79,4.6,990.3
2013-07-25,26,71.8,3.7,991.7
2013-07-26,26.5,70.9,2.9,993.4
2013-07-27,26.2,67.8,2.2,995.2
2013-07-28,25.3,85.5,2.1,993.4
2013-07-29,26.5,82.3,3.4,991.6
2013-07-30,26.3,73.9,2.2,991.7
2013-07-31,26.4,75.4,3.3,991.7
2013-08-01,28,67.3,1.7,996.7
2013-08-02,27.4,80.4,2,1000.4
2013-08-03,28.9,72.3,3.7,999
2013-08-04,28.3,76.4,2.4,994.5
2013-08-05,27.7,78.9,3.2,993.2
2013-08-06,26.4,80.8,2.4,996.3
2013-08-07,28.7,73.8,2.3,996.8
2013-08-08,29.3,73.5,3.7,994.7
2013-08-09,29.2,79.9,4.1,994.4
2013-08-10,28,82.4,2.4,998.5
2013-08-11,28.7,71.8,2.1,1000.8
2013-08-12,29.3,69.8,2.8,1000.7
2013-08-13,29,65.6,2.9,1000.5
2013-08-14,28.6,67.1,2.5,1000.6
2013-08-15,28.7,71.5,3.1,999.4
2013-08-16,28.7,71.8,3.7,996.5
2013-08-17,28.7,69.6,4.8,994.8
2013-08-18,28.3,72.8,4.1,995.2
2013-08-19,28.2,68.9,2.6,996.2
2013-08-20,27.4,62,1.7,997.2
2013-08-21,28.8,54.9,2.4,998.1
2013-08-22,29.3,58.6,2.3,999.1
2013-08-23,25.7,78.9,2.4,998
2013-08-24,26.6,60.4,1.8,996.6
2013-08-25,27.1,52.3,1.6,995.5
2013-08-26,27,52.3,2.4,994.9
2013-08-27,25.6,61.6,2.6,997.6
2013-08-28,26.4,59.4,2.7,996.9
2013-08-29,25.5,79.1,4.2,989
2013-08-30,25.1,69.6,3.3,992.8
2013-08-31,24,65.8,2.1,996.5
2013-09-01,23.5,54.6,2,1001.9
2013-09-02,22.4,49.9,2.1,1003.9
2013-09-03,21.7,43.5,2,1003.2
2013-09-04,22,46.5,2.2,1002.6
2013-09-05,21.2,52.9,2.7,1006.7
2013-09-06,20.8,59.6,2.3,1008.6
2013-09-07,21.9,61.8,2.1,1007.5
2013-09-08,22.9,63.4,1.7,1007.5
2013-09-09,23,67,1.8,1005.5
2013-09-10,22,76.3,1.7,1003.9
2013-09-11,20.1,90.6,2.3,1003.4
2013-09-12,23,80.4,1.6,1005.8
2013-09-13,22.9,87.5,2.4,1000.8
2013-09-14,23.1,81.1,1.9,999.8
2013-09-15,23.4,59.5,2,999.2
2013-09-16,20.9,49.3,2.1,1002.4
2013-09-17,22.6,48.4,1.5,1008.3
2013-09-18,24.4,54,1.6,1010
2013-09-19,24.7,56,2.7,1008.2
2013-09-20,23.4,71.5,1.9,1005.9
2013-09-21,23.8,66.9,1.7,1005.4
2013-09-22,23.1,54.9,4.2,1007.7
2013-09-23,23.8,55.6,2.5,1005.8
2013-09-24,22,81.8,2.9,1001
2013-09-25,19.5,57.3,3.4,1001.9
2013-09-26,17.3,36.9,2.6,1006.8
2013-09-27,17.9,50.9,1.8,1008.3
2013-09-28,17.4,70.6,2.2,1006.3
2013-09-29,17.2,86.1,2.7,1005.7
2013-09-30,20.7,71.8,2.5,1007.1
2013-10-01,21.6,66.8,2.3,1005.7
2013-10-02,19.4,58.6,3.2,1002.1
2013-10-03,16.3,49.1,2.4,1008.1
2013-10-04,17.4,54.6,1.7,1010.2
2013-10-05,20,48,1.9,1011.8
2013-10-06,20.8,53.5,4,1013.1
2013-10-07,22.8,65.9,2.5,1009.6
2013-10-08,20,83.4,2.3,1003.9
2013-10-09,20.5,63.9,1.9,1004.1
2013-10-10,21.1,71,2.2,1003.5
2013-10-11,18.1,57.5,5,1001.8
2013-10-12,16.4,53.8,2.7,1009.2
2013-10-13,17.3,62,1.5,1011.3
2013-10-14,18.3,63.6,2.4,1008.7
2013-10-15,12,79.4,2.9,1007.4
2013-10-16,11.2,53.1,1.8,1011.7
2013-10-17,12.4,55.5,1.8,1017.9
2013-10-18,13.6,54.8,1.8,1018.5
2013-10-19,14.6,59.1,2.2,1015.5
2013-10-20,16.7,60.1,2.3,1009.7
2013-10-21,16.2,50.3,2.8,1009.7
2013-10-22,15.9,46.1,3.8,1013
2013-10-23,16.2,49.1,2.9,1010.6
2013-10-24,13.1,50.8,3.2,1007.7
2013-10-25,9.3,41.9,3.8,1007.3
2013-10-26,10,50.5,1.9,1007.3
2013-10-27,11.4,56.3,2,1011.7
2013-10-28,11.6,65.5,1.4,1014.1
2013-10-29,12.7,71.3,2.6,1012.8
2013-10-30,10.5,58.9,2,1014.8
2013-10-31,11.7,54.9,1.7,1015.8
2013-11-01,14.8,50.8,1.5,1015
2013-11-02,11.6,79.8,1.6,1012.7
2013-11-03,11.9,80.3,1.7,1010.6
2013-11-04,12.6,70.3,1.8,1013.6
2013-11-05,12.3,64.3,1.8,1015.4
2013-11-06,12.2,77.5,2.3,1008.9
2013-11-07,12.2,52.9,4,1008.3
2013-11-08,9,43.4,1.6,1015.9
2013-11-09,11.6,62.1,2.4,1010.2
2013-11-10,5.5,45.3,4.3,1008.9
2013-11-11,2.6,32.9,2.8,1011.8
2013-11-12,3.4,36.1,2.7,1011.3
2013-11-13,4.8,43.5,1.7,1012.4
2013-11-14,6.7,55.1,1.9,1010.2
2013-11-15,8.2,78.3,1.8,1010.2
2013-11-16,7,72,2.6,1006.6
2013-11-17,5.2,58.1,4.2,1003.2
2013-11-18,1.1,53.6,5.2,1004.1
2013-11-19,1.1,53.9,4.4,1006.3
2013-11-20,1.5,38.8,3.2,1010.2
2013-11-21,2.6,48.8,2.4,1013.4
2013-11-22,4.6,57.9,1.9,1014.6
2013-11-23,7.1,64.6,1.7,1013.3
2013-11-24,7.3,74.3,3.5,1003.4
2013-11-25,4.7,64.6,6.1,996.5
2013-11-26,2.1,60.9,2.5,1006.1
2013-11-27,0,66.8,3.4,1004.8
2013-11-28,-3.8,48.9,2.9,1009.9
2013-11-29,-0.7,52.9,1.8,1009.6
2013-11-30,5.3,56.9,2.4,1009.8
2013-12-01,4.5,66.9,2.1,1010.7
2013-12-02,3.9,64.3,1.4,1010.7
2013-12-03,6.7,62.6,1.6,1009.7
2013-12-04,5.5,72.8,1.8,1010.2
2013-12-05,5.5,73.4,2.4,1008.1
2013-12-06,3,42.6,2.7,1009.6
2013-12-07,6.2,60.8,1.9,1011.9
2013-12-08,4.2,75.3,2.8,1012.2
2013-12-09,3.8,83.1,3.1,1000.3
2013-12-10,0.3,56.1,3.2,1003.8
2013-12-11,-1.7,64.1,3.9,1002.9
2013-12-12,-3.2,69.9,2.7,1006.4
2013-12-13,-6.8,47.5,2.4,1012.9
2013-12-14,-4.9,65.4,1.5,1016
2013-12-15,-4.4,48.1,1.9,1020.9
2013-12-16,-3.6,52.6,1.8,1019.1
2013-12-17,-0.3,52.4,1.5,1016.3
2013-12-18,2.2,65.1,2.4,1011.9
2013-12-19,-3.5,60.6,4,1009.9
2013-12-20,-4,56.3,2.6,1011.7
2013-12-21,-3.1,56.4,1.8,1016.4
2013-12-22,-2.1,57.5,1.9,1018.5
2013-12-23,-1.1,57.1,2.2,1016.9
2013-12-24,-1.6,58,1.7,1019.4
2013-12-25,-0.5,60.4,1.8,1016.9
2013-12-26,-0.5,67.8,2.6,1009.5
2013-12-27,-6.8,49.5,3.4,1010.9
2013-12-28,-6.5,44.1,2.5,1010.9
2013-12-29,-2.9,59.8,2.1,1009.9
2013-12-30,2.2,55.4,2.9,1005.1
2013-12-31,3.8,58.8,3.6,1001.6
2014-01-01,4,51.3,3.7,1003.6
2014-01-02,1.5,35.4,2,1010.4
2014-01-03,2.3,54.4,2.5,1006.9
2014-01-04,-0.1,47.1,2.4,1008.8
2014-01-05,-0.8,48.4,1.9,1013.1
2014-01-06,0.8,50.4,1.6,1017.3
2014-01-07,3,56,1.7,1014.6
2014-01-08,0.5,56.6,3.3,1010.9
2014-01-09,-7.8,26.3,3.6,1017.9
2014-01-10,-4.7,48.6,2,1020.6
2014-01-11,-1.7,44.1,1.9,1020.4
2014-01-12,-2.4,43.5,3.4,1017.6
2014-01-13,-6.2,26,2.9,1021.8
2014-01-14,-4.3,33.8,2.2,1022.2
2014-01-15,-2.9,42,1.7,1021.7
2014-01-16,0.1,59.9,1.9,1018.1
2014-01-17,-0.1,55.9,1.6,1015.9
2014-01-18,-2.2,42.4,3.1,1016.9
2014-01-19,-2.6,44.8,1.9,1017.7
2014-01-20,-1.5,83.3,3.2,1008.6
2014-01-21,-5.5,62.6,2.4,1014.5
2014-01-22,-3.9,60,1.6,1018
2014-01-23,-0.8,65.6,2.1,1015.7
2014-01-24,3,64.4,2.6,1010.3
2014-01-25,4.2,74.4,2.4,1006.2
2014-01-26,-2.1,42.1,2.7,1016.9
2014-01-27,0.2,48,2.6,1013.4
2014-01-28,1.5,52.8,2.9,1013.8
2014-01-29,2.2,40.1,2.2,1011.1
2014-01-30,4,66.1,3,1005.4
2014-01-31,1.3,26.1,2.2,1013
2014-02-01,4.9,63.8,3.4,1005
2014-02-02,4.9,91.6,2,1000
2014-02-03,-3.5,38.5,4.3,1007
2014-02-04,-7.4,25.9,3.4,1014.6
2014-02-05,-4.8,27.5,2,1018.1
2014-02-06,-1.3,29.8,1.7,1015.5
2014-02-07,2.4,47.3,4.8,1010
2014-02-08,0.2,79.4,4.3,1006.8
2014-02-09,-1.6,76.5,2.7,1010.8
2014-02-10,-0.1,55,2.5,1015.1
2014-02-11,0.2,42.1,3.2,1015.9
2014-02-12,1.2,49.3,2.5,1017.8
2014-02-13,1.9,46.1,2.2,1019.6
2014-02-14,2.7,47.3,3.1,1017.4
2014-02-15,2.7,54.6,2.7,1016.5
2014-02-16,2.8,53.3,1.7,1017.8
2014-02-17,4.2,45.5,2,1016.5
2014-02-18,2.5,45.9,3.5,1016.3
2014-02-19,2.1,48.6,2.6,1015.7
2014-02-20,1.2,61.5,2.8,1016.5
2014-02-21,0.9,49.1,2.6,1019.5
2014-02-22,2.2,49.3,2.1,1020.5
2014-02-23,3.1,50.6,2.1,1020.2
2014-02-24,4.1,58,2.3,1018.8
2014-02-25,5.7,59.9,2,1017.9
2014-02-26,8.4,44.9,1.9,1013.6
2014-02-27,7.7,55.4,2.8,1010
2014-02-28,6.7,58.8,2.3,1011
2014-03-01,6,61.1,2.6,1008
2014-03-02,4.5,46.4,3,1011
2014-03-03,5.2,34.4,2,1016
2014-03-04,6.3,48,2.9,1011.8
2014-03-05,1.4,44.8,4.4,1013
2014-03-06,0.3,43.4,3.6,1016.5
2014-03-07,-0.6,45.9,3.8,1019.1
2014-03-08,2,55,2.5,1014.1
2014-03-09,1.4,56.4,3.6,1010.4
2014-03-10,1.5,50.4,3,1015.8
2014-03-11,4.5,65,2.8,1015.2
2014-03-12,6.9,75.8,1.5,1006.9
2014-03-13,5.2,54.5,4,1003.6
2014-03-14,3.4,54.6,3.6,1008.5
2014-03-15,6.8,66.8,4,1008.4
2014-03-16,11.3,68.3,2.3,1010
2014-03-17,12.6,79,3.5,1006.7
2014-03-18,10.5,75.3,3.5,1004.8
2014-03-19,9.6,65.5,2.9,1006.3
2014-03-20,6.3,71.3,3.2,1003.7
2014-03-21,5.9,52.5,3.4,1009.5
2014-03-22,8.6,63.5,2.5,1012.8
2014-03-23,9.6,63.6,3,1016.9
2014-03-24,10.9,60.5,3.5,1011.8
2014-03-25,14.6,75.9,2.7,1004.6
2014-03-26,15.4,64.6,2.8,1000.1
2014-03-27,13.5,68.9,2.8,1006.3
2014-03-28,16.6,57.3,2.6,1006.4
2014-03-29,15,73.4,2.5,998.7
2014-03-30,14.9,63.5,3.1,999.7
2014-03-31,14.5,49.3,2.3,1005.8
2014-04-01,15.6,33.8,2.4,1005.6
2014-04-02,15.5,30,2.7,1006.4
2014-04-03,10.2,63,3.1,1003.2
2014-04-04,6.6,52.6,3.4,1003
2014-04-05,6.2,60.5,3,1003.9
2014-04-06,7.4,50.6,4,1009.6
2014-04-07,10.3,64.9,3.4,1008
2014-04-08,11.9,60.9,2.6,1007.7
2014-04-09,10.3,85.3,3,1007.1
2014-04-10,12.5,71.5,2.4,1008.4
2014-04-11,13.6,69.5,2.8,1008.7
2014-04-12,14.3,68.8,1.7,1007.3
2014-04-13,17.2,54.9,2.2,1006.5
2014-04-14,16.3,53.3,2.7,1009.7
2014-04-15,12.9,80.1,3.2,1009
2014-04-16,14,81,1.8,1005.5
2014-04-17,14.7,67.4,1.9,1003
2014-04-18,15.9,59.9,2.6,1005.4
2014-04-19,14,56,4.5,1009.3
2014-04-20,14.6,54.4,3.4,1007.3
2014-04-21,15.1,55.1,3,1005.1
2014-04-22,16,43.1,2.8,1005.2
2014-04-23,17.2,49.4,2.5,1007.6
2014-04-24,18.6,49,2,1011.1
2014-04-25,19,32.5,2.2,1012.7
2014-04-26,18.7,38.9,2.4,1012.2
2014-04-27,15.6,86.6,2.3,1010.2
2014-04-28,13.6,91.6,4.6,1004
2014-04-29,15,69.5,4,1000.3
2014-04-30,16.1,62.1,2.1,999.9
2014-05-01,16,60.5,3.2,1003.3
2014-05-02,15.7,70.9,3.6,1002.4
2014-05-03,13.1,54.6,3.9,1008.3
2014-05-04,12.3,57.8,3.8,1004.6
2014-05-05,11.3,56.5,5.1,1006.7
2014-05-06,13.1,45.9,3.4,1007.5
2014-05-07,15.7,48.3,3.8,1002.6
2014-05-08,14.5,83.9,4.2,1000.6
2014-05-09,16.8,60.8,2,1007.6
2014-05-10,20.5,43.4,2.1,1009.8
2014-05-11,18.9,54.4,3.4,1001
2014-05-12,16.4,79.1,5.2,995.2
2014-05-13,19.2,69.9,4,996.9
2014-05-14,19.6,59.1,3.5,992
2014-05-15,18.2,66.9,4,990.9
2014-05-16,19,50.3,2.9,998.3
2014-05-17,20,48,2.3,1001.9
2014-05-18,20.3,50.1,2.4,1002.8
2014-05-19,20,55.1,2.3,1002.4
2014-05-20,21.5,45.4,2.2,996.4
2014-05-21,20.1,65.3,3.7,996.6
2014-05-22,20.9,63.4,2.5,1001.8
2014-05-23,22,68.4,2.9,1007.5
2014-05-24,21.3,68.8,2.3,1006.7
2014-05-25,20.5,78.9,2.4,998.6
2014-05-26,19.4,67.4,4,992.3
2014-05-27,22.8,49.5,4.2,989.9
2014-05-28,24,60.8,2.5,990.3
2014-05-29,23.2,54.6,2.8,996.9
2014-05-30,24.8,42.5,2.1,1000.2
2014-05-31,26.2,50.3,2.6,1002.5
2014-06-01,24.7,58.1,1.9,1001.8
2014-06-02,22.6,73.5,2.2,998.1
2014-06-03,18.7,95.3,3.5,996.2
2014-06-04,22.8,61.5,4.3,995.5
2014-06-05,22.9,58.8,2.9,995
2014-06-06,24.4,58.9,2.4,994.8
2014-06-07,23.5,65.1,2.4,994.8
2014-06-08,21.4,75.3,3,996.7
2014-06-09,22.9,70.8,2.3,999.4
2014-06-10,23.6,72,2.1,999.5
2014-06-11,20.5,87.1,1.9,996.4
2014-06-12,21.2,73.9,2.8,992.4
2014-06-13,21.3,79,2.9,993.9
2014-06-14,22.5,71.6,3.3,997.1
2014-06-15,23.2,69.9,3.3,996.8
2014-06-16,23.9,66.4,2.5,995.9
2014-06-17,24.5,71.8,1.9,994.7
2014-06-18,24.4,71.3,3,994.4
2014-06-19,22.5,79.3,3.5,996
2014-06-20,24.2,76.5,1.6,997.9
2014-06-21,23.1,80.9,2.7,998
2014-06-22,23.7,74.4,1.8,997
2014-06-23,21,91.4,1.4,996.2
2014-06-24,22.9,74.6,2.4,996.4
2014-06-25,23.8,74.1,2.3,998.4
2014-06-26,24.4,68,2.4,997.4
2014-06-27,24.1,74.8,2.8,995.1
2014-06-28,23.8,71.6,3.8,992.8
2014-06-29,24.1,70.3,2.1,995.1
2014-06-30,25.3,68,2.7,998.4
2014-07-01,26,67.8,2.1,999.8
2014-07-02,25.7,77.3,2.5,997.1
2014-07-03,22.6,85.5,2.8,992
2014-07-04,26.8,62.1,2.4,996.5
2014-07-05,25.7,70.4,2.1,1000
2014-07-06,25.7,65.8,2.1,996.5
2014-07-07,27.1,61.4,2.3,995.6
2014-07-08,25.9,73,1.9,996.7
2014-07-09,27.6,78.3,2.2,992.3
2014-07-10,28.9,57.9,2.9,986
2014-07-11,27.1,63.4,4,990.5
2014-07-12,25.3,74.3,3.2,993.8
2014-07-13,25.4,73.4,3.3,993.2
2014-07-14,26.4,70.8,3.3,997.9
2014-07-15,26.8,69.4,2.4,999.9
2014-07-16,26.6,68.4,2.7,1000
2014-07-17,25.9,75.9,3.1,1001.2
2014-07-18,26.1,80.5,2.6,1001.5
2014-07-19,27,79.8,2.4,1002.3
2014-07-20,27.9,75.8,2.6,1001.1
2014-07-21,27.3,73.9,3,998.7
2014-07-22,25.9,83.9,4.4,996.6
2014-07-23,23.6,90,3.2,995.4
2014-07-24,21.9,92.8,2,997.1
2014-07-25,27.5,81.9,2.9,994.2
2014-07-26,22.6,86.1,6.4,996.9
2014-07-27,25,75,1.9,1000.6
2014-07-28,26.6,71.6,1.9,998.8
2014-07-29,26.5,68.4,2.5,999.5
2014-07-30,28.6,70.6,2.2,1000.6
2014-07-31,28.6,75.9,2.1,1000.2
2014-08-01,30.2,63.4,2.6,997.7
2014-08-02,31.4,55,3.9,992.4
2014-08-03,26.5,87.6,4.2,987.2
2014-08-04,26.4,93,2.1,989.3
2014-08-05,26.6,87.5,3.2,994.2
2014-08-06,24.4,92.4,2.2,996.1
2014-08-07,24.7,91.1,1.5,996.8
2014-08-08,26.1,62.3,3.8,998.3
2014-08-09,26.5,48.4,4.6,996.3
2014-08-10,23.4,79.4,2.6,991.1
2014-08-11,23.7,78.4,2.2,992.2
2014-08-12,25.8,77.8,2.7,994.7
2014-08-13,24.2,75.3,2.1,998.9
2014-08-14,22.3,78.6,2,999.5
2014-08-15,24.9,72.9,1.7,998.8
2014-08-16,26.1,73.9,1.8,1000.1
2014-08-17,24,81.1,1.9,1002.4
2014-08-18,22.3,90,3.1,999.5
2014-08-19,22.3,96.6,1.5,1000.2
2014-08-20,24.8,86,1.1,1000.6
2014-08-21,23.1,96.5,2.4,997
2014-08-22,24.7,83.4,3.1,1000.5
2014-08-23,25.2,79.5,2.7,1000.1
2014-08-24,25.6,75.5,1.3,998.8
2014-08-25,25.9,71.8,3,997.4
2014-08-26,25.4,71.4,2.5,1001.2
2014-08-27,24.6,66.8,2.8,1005.3
2014-08-28,25.1,65.3,2.2,1006.3
2014-08-29,25.2,71.9,1.8,1005.2
2014-08-30,24.6,71.6,1.9,1004.6
2014-08-31,24.1,68.6,1.4,1003.6
2014-09-01,24.1,72.5,1.5,1003.9
2014-09-02,23.1,73.6,2.5,1001.9
2014-09-03,19.1,99.8,3.4,993.1
2014-09-04,22.4,79.4,2.5,998.3
2014-09-05,23.8,76,2.1,1002.7
2014-09-06,25.2,66.9,1.8,1002.1
2014-09-07,25.3,72.1,1.6,998.9
2014-09-08,24.8,75,2.5,997
2014-09-09,23.3,66.5,2.1,997.9
2014-09-10,22.4,60.6,1.5,1000.6
2014-09-11,23.3,61.1,1.8,1003
2014-09-12,21.3,74.9,2.1,1003.6
2014-09-13,23.1,60.9,2.3,1004.9
2014-09-14,23,60.6,2.3,1005.4
2014-09-15,23.1,64.9,2.2,1003.5
2014-09-16,21.3,43.8,2.1,1005.5
2014-09-17,20.2,52.3,1.5,1006.3
2014-09-18,20.6,56.5,2,1007.6
2014-09-19,21.4,55,1.7,1004.5
2014-09-20,21.6,52.5,2,1004.1
2014-09-21,20.2,61.6,1.4,1007.1
2014-09-22,21.4,57.5,2,1008.7
2014-09-23,23,52.1,2.5,1007
2014-09-24,20.3,77.9,2.6,999.7
2014-09-25,22.2,66.9,1.7,1003.2
2014-09-26,21,78.1,2.6,1006.3
2014-09-27,21.4,79,2.6,1006.7
2014-09-28,21.7,85.5,1.1,1005.8
2014-09-29,19.4,99,1.3,1003.7
2014-09-30,18.9,72.5,3.1,1006.9
2014-10-01,19.2,68.6,2.6,1006.8
2014-10-02,18.1,89,2.2,999.7
2014-10-03,16.1,74.3,2.9,1002.3
2014-10-04,16.9,62,3.4,1009.6
2014-10-05,17.1,53.1,3.1,1008.6
2014-10-06,16.6,57,1.7,1008.3
2014-10-07,16.1,64.8,2.4,1011.6
2014-10-08,16.7,61.5,1.5,1011.9
2014-10-09,18.6,60.4,2,1010.4
2014-10-10,19,63.3,3.6,1011.6
2014-10-11,19.4,57.4,3.1,1012.9
2014-10-12,21.2,48.5,1.9,1008
2014-10-13,17.4,51.9,4.7,1003.1
2014-10-14,13.8,51.8,2.2,1007.3
2014-10-15,13.8,60.4,2.4,1007.6
2014-10-16,13.2,53.8,3.1,1008.6
2014-10-17,13.6,53.8,1.9,1012.7
2014-10-18,15.5,68.9,1.7,1013.6
2014-10-19,17,61,1.7,1011.9
2014-10-20,14.4,97.8,2.6,1006.6
2014-10-21,13.8,92.8,3.4,1007
2014-10-22,13.6,69,3,1010.1
2014-10-23,13.8,67.8,2.1,1010.7
2014-10-24,15.1,78,1.8,1010.1
2014-10-25,16.5,81.1,1.9,1009.9
2014-10-26,16,76.9,2.8,1008.1
2014-10-27,10.7,35.3,3,1013.2
2014-10-28,10.2,43.4,1.4,1015.7
2014-10-29,12.1,46.4,1.7,1016
2014-10-30,14.2,45.8,1.5,1013.8
2014-10-31,15,62.1,2.4,1008.2
2014-11-01,17.3,63.4,2.2,1002.8
2014-11-02,12,50.5,4.8,1001.5
2014-11-03,9.3,40.9,3.1,1008.6
2014-11-04,11.3,60.5,1.9,1011.6
2014-11-05,12.4,65.6,1.9,1010.4
2014-11-06,13.5,61,2.1,1010.2
2014-11-07,9.8,52.5,1.9,1014.9
2014-11-08,9.9,61.9,1.4,1014.3
2014-11-09,10,46.3,2.3,1013.4
2014-11-10,9.4,49.9,1.7,1012.2
2014-11-11,9.4,67.4,1.9,1006.2
2014-11-12,6,50.6,5.4,1003.8
2014-11-13,-0.2,38.5,3.7,1013
2014-11-14,4.2,54,2.2,1014.5
2014-11-15,4.1,38.3,2.1,1018.9
2014-11-16,6.6,42.6,1.6,1015.3
2014-11-17,6.2,75.5,2.3,1014
2014-11-18,5,53.4,2.2,1017.6
2014-11-19,5.6,55.4,1.6,1017.1
2014-11-20,7.9,61.9,1.8,1014.4
2014-11-21,11.3,62.5,2.8,1012.3
2014-11-22,11,90.9,1.9,1013.5
2014-11-23,9,80,2,1015.1
2014-11-24,9.8,59.8,1.3,1010.3
2014-11-25,10.2,56,4.2,1007.5
2014-11-26,11,58.8,2.8,1008.3
2014-11-27,10.4,69.9,1.9,1012.3
2014-11-28,8.8,88,3.7,1004.8
2014-11-29,8.3,83.9,2.1,1010.1
2014-11-30,9.1,88.1,3.2,1002.4
2014-12-01,-1.1,58.8,6.1,1004.4
2014-12-02,-5.4,42.3,4.6,1011.5
2014-12-03,-3.3,70.6,1.9,1009.4
2014-12-04,-4.6,43,2.7,1009.6
2014-12-05,-6.6,45.5,3.6,1010.8
2014-12-06,-5.6,47.5,2.8,1013.6
2014-12-07,-3.4,43.9,1.6,1016.1
2014-12-08,-1.6,48.4,2.6,1019.7
2014-12-09,-2.4,44.1,1.5,1024.3
2014-12-10,1.6,58.8,1.9,1014.2
2014-12-11,-1.5,64.8,3.4,1012.8
2014-12-12,-3.8,70.4,2,1012.3
2014-12-13,-5.2,45.8,3.2,1015.9
2014-12-14,-3.6,60.5,1.5,1018.5
2014-12-15,-0.1,90.6,2.8,1013.5
2014-12-16,-4.9,58.9,4.9,1008.9
2014-12-17,-9,41,4.9,1014.3
2014-12-18,-8.3,39.9,2.3,1023
2014-12-19,-3.8,54.5,3.4,1017.5
2014-12-20,-1.7,66,3.8,1010.8
2014-12-21,-6.4,58.5,2.2,1012.7
2014-12-22,-4.7,64.6,2.2,1013.5
2014-12-23,-1.3,67.1,2.6,1014.7
2014-12-24,1.7,66.8,2.8,1011.3
2014-12-25,-2.6,52,2.5,1017.3
2014-12-26,-3.2,45.6,1.9,1019.9
2014-12-27,-1.8,46.8,1.7,1019.3
2014-12-28,-0.8,64.1,2.2,1011.4
2014-12-29,2.9,73.1,2.3,1004.3
2014-12-30,1.9,62.8,2.6,1006.5
2014-12-31,-1.9,47.4,3.8,1007.6
2015-01-01,-7.7,41.4,4.6,1013.6
2015-01-02,-6,45.9,3.2,1014.6
2015-01-03,-2.7,56.1,1.9,1012.7
2015-01-04,2.5,70.1,2,1007.7
2015-01-05,3.7,73.1,2.4,1006.2
2015-01-06,-3.2,52.4,4.3,1006.4
2015-01-07,-5.5,33.1,2.5,1012
2015-01-08,-5.1,45.8,2.2,1015.2
2015-01-09,-2.1,58.3,2,1014.4
2015-01-10,-0.3,56.5,2.3,1012.8
2015-01-11,-0.4,57.8,3.6,1013.5
2015-01-12,-2.7,37.8,1.8,1023.8
2015-01-13,0.2,39.6,1.8,1023.3
2015-01-14,2.5,41.1,1.5,1016.1
2015-01-15,2.8,53.6,2.1,1011.7
2015-01-16,0.8,73,4,1009.5
2015-01-17,-4.1,46,3.8,1017.8
2015-01-18,-1.3,68.4,2.3,1011.5
2015-01-19,-0.1,68.1,3.2,1012.2
2015-01-20,-0.9,55.8,1.9,1016.8
2015-01-21,2.6,58.3,2,1011.4
2015-01-22,3.1,60.6,1.5,1008.6
2015-01-23,1.2,66.4,2.6,1011.5
2015-01-24,3.7,62.9,1.8,1015.2
2015-01-25,3,78.4,3.5,1013.1
2015-01-26,3.6,87.5,2.6,1009.4
2015-01-27,-3.6,55.4,3.7,1014.3
2015-01-28,-4.1,49.3,2.3,1018.4
2015-01-29,-1.1,56.4,2.3,1016.1
2015-01-30,-3.3,51.8,3.8,1015.4
2015-01-31,-4.5,46.4,2.6,1021.2
2015-02-01,-3,44.9,1.9,1022.2
2015-02-02,-0.6,47.3,1.5,1020.9
2015-02-03,0.6,54.5,2.1,1018
2015-02-04,0.4,64.5,2,1012.1
2015-02-05,-0.1,57.1,3,1012.7
2015-02-06,0.4,57.3,2.2,1014.9
2015-02-07,1.2,65.3,2.6,1010.4
2015-02-08,-9.8,34.1,5.3,1016
2015-02-09,-5.7,54.6,3.1,1015.9
2015-02-10,1.7,69,2.8,1006.8
2015-02-11,2.7,60.3,2.5,1002.6
2015-02-12,-2.2,36.8,4.2,1004.1
2015-02-13,-1.6,46.4,3.1,1009.2
2015-02-14,2,72.9,2.2,1010.4
2015-02-15,7.9,61.6,2.9,1009.6
2015-02-16,5,91.9,3.5,1003.8
2015-02-17,1.9,78.5,3.5,1005.8
2015-02-18,0.8,72,2.5,1010.7
2015-02-19,2.2,67.1,1.6,1016.1
2015-02-20,5.2,55.3,2,1015.4
2015-02-21,5.7,79,3.4,1007.3
2015-02-22,3.5,78,4.1,1006.2
2015-02-23,0.9,60.4,3,1009.7
2015-02-24,2.1,60,2.3,1008.6
2015-02-25,5.4,48.6,2.9,1007.7
2015-02-26,1.2,56.9,4.9,1008.9
2015-02-27,-1.3,35.6,3.2,1017
2015-02-28,2.7,40.5,2,1015.8
2015-03-01,2.4,56.8,3.7,1009
2015-03-02,3.9,43.5,2.8,1008.5
2015-03-03,2.8,69.5,3.4,1002.4
2015-03-04,-2.1,43.4,5.3,1010.9
2015-03-05,-0.3,41.1,1.9,1016
2015-03-06,2.9,37.8,2.3,1013.4
2015-03-07,4.2,45.5,2.3,1013.3
2015-03-08,7.7,42.5,1.8,1012
2015-03-09,2.2,43.4,5.4,1010
2015-03-10,-3.4,30.6,5.9,1013.9
2015-03-11,0.4,45.1,4.5,1009.3
2015-03-12,2.1,41,4,1008.9
2015-03-13,5.6,45.4,3,1008.7
2015-03-14,4.3,31.4,2.3,1012.9
2015-03-15,5.5,42,2.2,1012
2015-03-16,9.8,44.4,2,1010.1
2015-03-17,10.7,51.9,1.8,1007.3
2015-03-18,10.7,61.5,4,1001.5
2015-03-19,12.4,50.9,2.5,1003.5
2015-03-20,13.4,32.5,2.5,1007
2015-03-21,11.7,31,2.7,1005.5
2015-03-22,8.3,33.3,4.2,1009.8
2015-03-23,4.6,24.3,4.2,1015.1
2015-03-24,5.4,32.8,2.6,1020.2
2015-03-25,6.5,45.9,2.5,1023.8
2015-03-26,7.9,47.5,3.1,1022.6
2015-03-27,9.1,50.5,2.6,1015.8
2015-03-28,9.7,35,2.8,1008
2015-03-29,10.5,61.9,2.5,1007.2
2015-03-30,13.2,57.4,2.6,1007.9
2015-03-31,12.9,80.6,2.2,1004.7
2015-04-01,12.9,67.9,4.1,1005.1
2015-04-02,14.8,70.5,5,994.2
2015-04-03,10.6,83.4,2.8,996.3
2015-04-04,13.5,48,4.3,1003.5
2015-04-05,10.5,75.1,2.5,1003.7
2015-04-06,10.3,55.8,2.7,1008
2015-04-07,8.4,59.5,2.6,1013
2015-04-08,8.3,52.5,2.9,1015.1
2015-04-09,9.6,43,2.3,1014.2
2015-04-10,11.6,40.5,2.8,1012.3
2015-04-11,13.5,39.3,2.5,1014.7
2015-04-12,14.9,30.6,2.9,1013.9
2015-04-13,12,53.9,5.9,1007.8
2015-04-14,6.9,89.9,2.7,998.5
2015-04-15,11.1,72,2.9,998.1
2015-04-16,9.9,69.5,3.6,997.9
2015-04-17,10.5,45.4,3.7,1006.2
2015-04-18,15.2,31.9,1.9,1005
2015-04-19,14.5,74.8,3.7,997
2015-04-20,12.2,75.3,3.2,997.5
2015-04-21,14,46,2.9,1005.2
2015-04-22,14.2,47,3,1008
2015-04-23,14.5,41.1,3.5,1010.3
2015-04-24,15.7,38.3,3.2,1009.2
2015-04-25,15.9,31.3,2.7,1009.6
2015-04-26,17.3,37.6,3.3,1008.2
2015-04-27,18.5,39.3,2.8,1006.1
2015-04-28,20.3,38.6,2.1,1002.9
2015-04-29,17,77,2.9,1002.2
2015-04-30,21.2,56.6,2.2,1002.7
2015-05-01,21,58.8,2.5,1003.3
2015-05-02,20.7,64.4,2.1,1001.7
2015-05-03,18.3,90.4,2.1,997.2
2015-05-04,16.1,45.9,4.2,998.9
2015-05-05,14.2,37.9,3.4,1001.3
2015-05-06,15.4,36.3,2.4,1001.6
2015-05-07,16.5,35.6,2.6,1002.3
2015-05-08,16.7,64.3,2.5,1002.8
2015-05-09,17.6,55,3,1002.7
2015-05-10,19.1,39.6,2.3,1006.7
2015-05-11,18.4,62.1,3,999.2
2015-05-12,13.3,75.9,6.4,989.6
2015-05-13,17.4,56.9,5.3,993.6
2015-05-14,20.4,63.8,3.3,996.7
2015-05-15,19.1,71,2.7,998.7
2015-05-16,18,41.3,3,1000.1
2015-05-17,18.6,40.4,2.2,1000.5
2015-05-18,17.7,53.9,3.2,994.9
2015-05-19,14.8,88.9,3.6,996
2015-05-20,16.3,60,3.1,998.5
2015-05-21,18.7,50.1,3.7,1003.2
2015-05-22,20,45.3,2.9,1003.6
2015-05-23,20.6,38.5,2.5,1001
2015-05-24,21,37.3,2.4,998.5
2015-05-25,20.8,53.1,2.7,998.9
2015-05-26,21.5,48.9,2.7,1001.4
2015-05-27,23.2,32.9,2,1000
2015-05-28,24.3,27.1,2.2,998.7
2015-05-29,23.8,36.8,2.5,997.2
2015-05-30,19.8,71,2.9,995.3
2015-05-31,22.1,52.8,2.2,998
2015-06-01,21.7,44.6,2.6,1000
2015-06-02,23.1,46.9,2.7,997.9
2015-06-03,23.3,33.3,3.8,997.4
2015-06-04,24.2,28.9,2.6,999.4
2015-06-05,19.1,58.8,1.7,996.8
2015-06-06,22.4,50.4,2.3,1001.9
2015-06-07,23.4,46.8,2.3,1003.1
2015-06-08,22.4,54.9,2.3,997.5
2015-06-09,22.2,66.3,2.9,997.1
2015-06-10,25.3,54.3,2.2,997.5
2015-06-11,24.6,59.6,2.8,991.9
2015-06-12,23.6,63.1,3.8,993.3
2015-06-13,24.7,61.9,3.2,994.9
2015-06-14,22.8,70.3,2.7,997.5
2015-06-15,24.2,65.6,2.2,997.1
2015-06-16,25,65.9,2.4,995.1
2015-06-17,23.4,72.8,2.6,994.5
2015-06-18,24.8,59.4,2.7,995.9
2015-06-19,24.5,57.8,2.9,998.2
2015-06-20,19.6,91,1.8,999.1
2015-06-21,22.4,69.1,2,999.9
2015-06-22,24,60.4,2.4,999.9
2015-06-23,24.7,64.1,2.3,1000.6
2015-06-24,25.7,58.3,2.5,998.6
2015-06-25,24.8,65.1,2.1,993.4
2015-06-26,21,75.8,3.3,988.4
2015-06-27,25.2,55.3,2.2,996.1
2015-06-28,25.4,61.8,2.6,999.3
2015-06-29,25.7,61.8,2.8,996.8
2015-06-30,24.4,70,1.7,988.7
2015-07-01,23.7,66.3,3.8,985.8
2015-07-02,23.7,64.5,4,991.2
2015-07-03,23.3,62.6,3,995.4
2015-07-04,24.1,55.8,2.2,999.1
2015-07-05,24.2,57.4,2.3,1000.9
2015-07-06,25.3,54.3,2.2,1001.1
2015-07-07,25.6,52.1,2,1000.1
2015-07-08,23.4,69.8,4,1001.6
2015-07-09,26.5,61.3,2.9,1004.2
2015-07-10,29.2,60.9,1.9,1002.9
2015-07-11,30.4,60.3,2.1,999
2015-07-12,24.8,94.1,4,986
2015-07-13,23.1,90.8,5.2,983.3
2015-07-14,26.1,72.4,3.5,993.3
2015-07-15,27.9,58.8,2.9,996.4
2015-07-16,24.7,51.3,5,997.4
2015-07-17,23.6,49.8,3.6,996.5
2015-07-18,24.3,63.5,2.2,999.2
2015-07-19,25.1,77.4,1.8,1000.9
2015-07-20,27.5,71.4,2.4,998.9
2015-07-21,27,81.6,1.6,996.7
2015-07-22,27.7,76.9,1.8,996
2015-07-23,26.9,81,2.1,996.7
2015-07-24,24.7,96.9,2,994.8
2015-07-25,25,95.1,3.2,995.7
2015-07-26,26,85.5,2.6,998
2015-07-27,26.2,86,2.3,998.2
2015-07-28,27.7,74.4,2.7,997.9
2015-07-29,26.7,82.9,2.6,996.4
2015-07-30,28.6,76.4,3.5,998
2015-07-31,27.9,74.3,2.7,999.1
2015-08-01,28.2,72.8,3.1,999.6
2015-08-02,26.5,84.3,2.7,999.8
2015-08-03,27.9,71.5,3.8,998.6
2015-08-04,27.5,73.3,4.5,996.7
2015-08-05,28.6,67,3.7,998.1
2015-08-06,29.3,64.5,2,1001.9
2015-08-07,28.9,71.3,1.4,1004.8
2015-08-08,26.6,79.1,2.1,1003.5
2015-08-09,26.7,74.4,2.1,1001.1
2015-08-10,27,72.1,2.3,999.6
2015-08-11,26.8,73.6,2.1,997.5
2015-08-12,27.3,67.5,2,994.6
2015-08-13,26.5,68.6,1.9,994.8
2015-08-14,26.9,66.4,2.4,995.8
2015-08-15,27.1,70.4,1.9,998.1
2015-08-16,25.8,74.9,2,997.6
2015-08-17,26.6,61.5,2.2,998.4
2015-08-18,27.9,59.9,2.5,1002.4
2015-08-19,26.8,70.3,1.8,1003
2015-08-20,25.4,75.5,1.7,999.2
2015-08-21,25.2,78.3,2,994.7
2015-08-22,25.5,69.8,2.5,995.4
2015-08-23,26.3,65.5,1.7,997
2015-08-24,26.3,60.6,3.8,997.3
2015-08-25,21.7,76.4,3.2,992.7
2015-08-26,21.9,68.4,2.9,995.6
2015-08-27,24.7,61.1,3.1,996.9
2015-08-28,23.2,69.4,1.7,998.3
2015-08-29,24.4,65.8,1.7,999
2015-08-30,24.9,65.9,1.6,1000.7
2015-08-31,25.9,62.9,1.9,1001.7
2015-09-01,25.9,59.4,3.4,1000.4
2015-09-02,23.9,72.8,2.1,1001.7
2015-09-03,23.9,75.1,2.3,1001
2015-09-04,24.8,68.5,2.2,1001.9
2015-09-05,21.9,79.8,2.1,999.1
2015-09-06,22.2,60.4,3.7,997.9
2015-09-07,22.6,52.9,2.4,1002.8
2015-09-08,22.7,43.6,3.2,1006.1
2015-09-09,22.4,42.9,2.9,1006.5
2015-09-10,22.4,62.3,2.4,1004
2015-09-11,21,76.4,2.1,1000.2
2015-09-12,19.2,60.4,1.9,999.8
2015-09-13,20.2,54.1,2.6,1006.7
2015-09-14,22.1,61.1,1.6,1011.3
2015-09-15,22.8,48.5,2.2,1010.4
2015-09-16,21.6,45.5,2.5,1008
2015-09-17,21.4,46.4,3.1,1007.1
2015-09-18,21.9,52.1,2.4,1006.6
2015-09-19,22.3,58.3,2.4,1003.6
2015-09-20,22.1,69,2,1002.3
2015-09-21,22.6,62.1,1.5,1004.3
2015-09-22,23.9,48.4,1.8,1005.3
2015-09-23,22,57.9,1.7,1000.9
2015-09-24,23.4,56.4,1.9,997.6
2015-09-25,23.4,56.5,2.5,997.6
2015-09-26,22.4,54.5,1.8,1001.2
2015-09-27,21.9,39.4,1.9,1004.9
2015-09-28,21.4,39.6,1.6,1009.4
2015-09-29,22.1,36.6,2.3,1013.5
2015-09-30,21.3,45.3,2.6,1010.9
2015-10-01,16.3,77.5,3.6,993
2015-10-02,16.5,53.5,3.7,1003.5
2015-10-03,19.2,49.4,3.8,1008.2
2015-10-04,16.6,38.9,1.8,1015.9
2015-10-05,18,49.4,1.9,1013.3
2015-10-06,18.7,57.5,1.9,1010.8
2015-10-07,19.6,67.5,1.4,1007.4
2015-10-08,20.1,61.1,2.3,1001.8
2015-10-09,16.2,43.8,3.7,1000.7
2015-10-10,12.8,70.9,2.2,999.7
2015-10-11,10.8,72.6,2.4,1002.1
2015-10-12,12.3,56.5,2.7,1007.1
2015-10-13,15,66.4,2.5,1009.7
2015-10-14,17.1,64.6,1.6,1010.3
2015-10-15,17.9,62.1,1.8,1009.5
2015-10-16,17.5,71,1.8,1009.5
2015-10-17,18.7,64.8,1.7,1010.4
2015-10-18,17.9,65.1,1.3,1010
2015-10-19,18.1,67.4,2,1007.2
2015-10-20,18.8,69.5,1.6,1007
2015-10-21,17.9,72.5,1.6,1009
2015-10-22,17.5,64.8,2.2,1010.3
2015-10-23,17.5,69.1,2.4,1008.7
2015-10-24,16.9,64.4,2.5,1008.3
2015-10-25,16.3,51,2.1,1013.4
2015-10-26,15,66.8,2.4,1008.6
2015-10-27,12.1,69.3,3.2,1001.4
2015-10-28,9.9,49,2.5,1009.3
2015-10-29,8.4,50.4,2.4,1012.2
2015-10-30,5.4,41.8,2.6,1017.1
2015-10-31,5.7,42.5,2.1,1019.2
2015-11-01,7,48.4,1.6,1015.3
2015-11-02,10.8,60.5,1.6,1012.6
2015-11-03,11.8,67.6,1.4,1018.4
2015-11-04,12.2,62,1.6,1018.1
2015-11-05,13.2,63.9,1.7,1015.2
2015-11-06,13.5,63.9,4.7,1015.4
2015-11-07,10.5,91.5,6,1011.7
2015-11-08,11.1,90.6,5.2,1006
2015-11-09,10.8,87.6,2.1,1007.6
2015-11-10,10,80,1.8,1013.3
2015-11-11,11.6,72.4,1.6,1017.7
2015-11-12,14.5,63.5,2.8,1019.1
2015-11-13,11.5,83.8,4,1011
2015-11-14,12.8,97.3,1.4,1004.1
2015-11-15,13.4,84.5,1.8,1009.6
2015-11-16,12.2,85.1,2.8,1006.7
2015-11-17,13.9,69.6,1.8,1007.9
2015-11-18,10.4,70.6,5.1,1010.4
2015-11-19,8.9,72.8,2.6,1012.3
2015-11-20,9.8,72.6,1.5,1013.6
2015-11-21,9.2,55.9,1.8,1016.8
2015-11-22,10.2,66.5,2.4,1017.3
2015-11-23,8.5,80.9,3.3,1014.9
2015-11-24,5.6,69.5,3.1,1015
2015-11-25,2.4,86.8,2.7,1008.4
2015-11-26,-2.7,63.8,3.7,1005.7
2015-11-27,-2.8,59.1,2.6,1014.6
2015-11-28,0.1,70.8,2.1,1019.1
2015-11-29,2.5,87.9,3.3,1015.7
2015-11-30,4.1,69.1,2,1013.7
2015-12-01,4,57.8,1.9,1014.4
2015-12-02,6,71.4,3.2,1004.8
2015-12-03,-0.7,79.3,4.1,1002.9
2015-12-04,-0.4,63.9,2.8,1011.2
2015-12-05,3.4,51.4,3.1,1014.4
2015-12-06,1.3,46.4,1.2,1018
2015-12-07,1.9,51.1,1.8,1019.7
2015-12-08,2.9,55.9,1.3,1021.9
2015-12-09,5,57.4,2.3,1019.1
2015-12-10,7.8,74.8,2.3,1008.4
2015-12-11,6.4,56.5,3.4,1008
2015-12-12,5.2,50.1,2.6,1014.3
2015-12-13,5.2,50.5,1.4,1013.1
2015-12-14,5,75.6,2.2,1010.2
2015-12-15,4.7,69.8,2.8,1008
2015-12-16,-1,50.9,3.9,1008.7
2015-12-17,-4.6,43.4,2.7,1017
2015-12-18,-3.3,61.9,2.2,1021.9
2015-12-19,-0.1,66.3,1.7,1024.3
2015-12-20,1.5,56.9,1.5,1018.7
2015-12-21,2.2,76,2.5,1016
2015-12-22,3.1,67.9,2.4,1017.7
2015-12-23,5.9,59.6,2.1,1011.6
2015-12-24,1.5,67.5,2.3,1010.3
2015-12-25,-0.8,46.3,2,1010.5
2015-12-26,0.9,73.3,2.4,1009.8
2015-12-27,-5.7,39,2.9,1019.6
2015-12-28,-5.7,38.4,2.3,1022.4
2015-12-29,-3.2,47.6,1.4,1022.4
2015-12-30,0.3,67.6,2.5,1018.1
2015-12-31,0.7,81.3,1.5,1020.1
2016-01-01,1.2,73,1.6,1019.9
2016-01-02,5.7,76.9,2,1012
2016-01-03,6.5,80.6,1.8,1008.9
2016-01-04,2,54.4,3.1,1013.1
2016-01-05,-2.7,39.4,2.3,1016.9
2016-01-06,-1.7,54.3,1.8,1014.7
2016-01-07,-3.4,51.8,2.5,1013.9
2016-01-08,-3.3,49.8,2,1012.6
2016-01-09,-2.1,57.1,2.1,1014.3
2016-01-10,0.3,42.3,2.6,1015.5
2016-01-11,-3.8,38.3,2.8,1016.1
2016-01-12,-5.2,46,2.5,1013.3
2016-01-13,-4.5,63,2,1009.5
2016-01-14,-3.4,52.1,1.7,1011
2016-01-15,-0.4,52.3,1.8,1010.9
2016-01-16,-0.2,68,2.9,1012.1
2016-01-17,1.7,64,2.4,1006.4
2016-01-18,-6.3,59.8,4.8,1003.9
2016-01-19,-12.8,45.9,5.4,1011.7
2016-01-20,-10.5,43.6,1.8,1019.7
2016-01-21,-7.1,44.3,1.8,1017.9
2016-01-22,-7.6,40.5,2.6,1021.1
2016-01-23,-11.5,42,4,1019.1
2016-01-24,-14.4,48.5,3.2,1014.9
2016-01-25,-9.4,47.1,1.9,1018
2016-01-26,-3.3,64.5,2.3,1016.3
2016-01-27,-1.1,56.3,2,1019
2016-01-28,-0.5,51.5,1.6,1018.2
2016-01-29,1.9,43.6,2.3,1014.6
2016-01-30,0.6,59.5,2,1015.4
2016-01-31,-3.9,34,3.2,1018.4
2016-02-01,-6,36,3,1018.5
2016-02-02,-5.3,41.8,2.2,1017.6
2016-02-03,-2.4,49.6,1.9,1016.9
2016-02-04,-0.7,50.1,2.4,1014.9
2016-02-05,-2.2,39.4,2.5,1013.1
2016-02-06,-3.1,38.6,2.9,1012.6
2016-02-07,-2.9,46.5,2,1012
2016-02-08,1.3,62.1,3.1,1004.8
2016-02-09,0.3,52.5,3,1011.3
2016-02-10,2.7,38.5,1.6,1015.2
2016-02-11,8.1,29.3,3.5,1013.7
2016-02-12,8.4,95.3,3.2,1006.9
2016-02-13,11,95,3.3,996.3
2016-02-14,-2.6,73.1,4.6,1003.1
2016-02-15,-5.8,48.4,4,1010.4
2016-02-16,-2.7,65.6,2.7,1007.7
2016-02-17,0,53.9,2.3,1013.5
2016-02-18,3.5,66.4,3.2,1010.8
2016-02-19,2.3,56.4,1.7,1016.2
2016-02-20,1.3,37.1,2.9,1013.2
2016-02-21,-0.6,36.4,2.9,1019.2
2016-02-22,1.1,36.6,1.9,1019.4
2016-02-23,0.7,56,3.2,1019
2016-02-24,-3,42,2.9,1022.4
2016-02-25,-0.2,49.9,2.7,1021.7
2016-02-26,2.2,41.3,2.2,1017.3
2016-02-27,3.3,57.6,2,1013.7
2016-02-28,0.7,65.5,2.1,1011.3
2016-02-29,-3.8,48.6,4,1014.4
2016-03-01,-2.7,47.3,2.5,1017.2
2016-03-02,3.1,67.9,2.9,1014.1
2016-03-03,8.1,65.1,1.9,1013.2
2016-03-04,13.2,55.3,2.7,1013.4
2016-03-05,11.3,91.3,2.6,1007.9
2016-03-06,7.9,51,2.8,1009
2016-03-07,8.1,36.9,2,1007.6
2016-03-08,2.7,40.4,3.1,1012.3
2016-03-09,0.3,37.5,3.5,1013.2
2016-03-10,-1.1,37.8,3.2,1015.6
2016-03-11,-0.5,43.8,2.6,1014.7
2016-03-12,2,55.6,2.5,1014.1
2016-03-13,3.7,68.1,1.6,1013.6
2016-03-14,4.7,57,2.6,1012
2016-03-15,5.2,43.4,2.2,1012.8
2016-03-16,7.5,45.1,2,1011.5
2016-03-17,9.3,40.9,1.4,1009.7
2016-03-18,13.4,50,2.4,1002
2016-03-19,11.4,58.3,2.5,1004.2
2016-03-20,10.6,54,2.2,1009.9
2016-03-21,9.9,54.1,2.2,1012.3
2016-03-22,8,58.1,2.5,1008.7
2016-03-23,8.2,49.6,2.9,1008.9
2016-03-24,7.2,36.5,2.4,1013.8
2016-03-25,7.1,43.9,2.2,1013
2016-03-26,6.5,54.5,2.2,1010.8
2016-03-27,7.2,55.6,2.6,1009.7
2016-03-28,9.8,47.8,2,1010.6
2016-03-29,11.3,57.8,3.2,1007.6
2016-03-30,11.5,49.9,2.2,1009.3
2016-03-31,13.5,27,2.1,1006.2
2016-04-01,15.3,26,2,1005
2016-04-02,15,40.8,2.3,1007.9
2016-04-03,10.7,75.1,1.7,1007.6
2016-04-04,12.3,42.6,2.2,1003.1
2016-04-05,11.4,45.1,2.5,1006.1
2016-04-06,14.4,44.3,1.9,1005.2
2016-04-07,14.1,69.5,3,998.7
2016-04-08,11.1,76.1,2.5,1005
2016-04-09,10.7,83.9,1.8,1003.8
2016-04-10,13.4,71.3,2.1,1002.8
2016-04-11,12.5,43.8,2.4,1008.4
2016-04-12,14.1,42.6,2.3,1004.5
2016-04-13,15.6,67.5,1.7,996.4
2016-04-14,12.4,75.9,2.6,1002.4
2016-04-15,15,46.4,2.6,1008.5
2016-04-16,14.9,58.9,2.9,996.6
2016-04-17,10.8,66.8,4.7,993.8
2016-04-18,11.2,65.4,3.1,1003.8
2016-04-19,12,55.1,2.2,1012.1
2016-04-20,14.3,54,2.1,1008.3
2016-04-21,13.5,87.6,2.8,996.2
2016-04-22,13.5,83.4,2.6,999
2016-04-23,13.5,52.1,2.1,1003.4
2016-04-24,15.5,39.6,1.9,1005
2016-04-25,17.2,34.8,1.7,1007.4
2016-04-26,21.1,34.8,2,1004.1
2016-04-27,17.2,32,3.6,999.3
2016-04-28,17.2,34.4,2,997.3
2016-04-29,16.2,47.6,2.5,1001.5
2016-04-30,15.9,45.3,2.8,1001.4
2016-05-01,18.8,40.5,2.2,1003.5
2016-05-02,21.1,64.5,2.2,1001.1
2016-05-03,12.9,86.1,4.9,984.5
2016-05-04,15.7,46.6,5.1,993.6
2016-05-05,18.9,50.8,1.7,1002.5
2016-05-06,16.3,89.3,2,996.8
2016-05-07,16.5,60.3,2.6,1004
2016-05-08,19.4,44.8,2.1,1005.8
2016-05-09,20.2,43,2,1000.6
2016-05-10,14.5,82.4,2.3,997
2016-05-11,16.4,60.9,2,999.4
2016-05-12,17.8,62.4,2.7,1002.9
2016-05-13,18.6,57,2.1,1009.4
2016-05-14,20.2,47.1,2.3,1010.9
2016-05-15,17.4,73.9,2.7,999.4
2016-05-16,15.9,57,3.2,999.7
2016-05-17,19.3,48.8,1.9,1005.7
2016-05-18,22.3,40.3,1.9,1008
2016-05-19,24.3,36.4,1.6,1007.2
2016-05-20,24,32,1.8,1007.2
2016-05-21,24.1,23.8,2,1007.9
2016-05-22,24.7,35,1.9,1006
2016-05-23,23.3,43,2.1,1002.2
2016-05-24,16.8,82.6,2.6,996.9
2016-05-25,19.7,67.9,2.7,999.8
2016-05-26,19.4,72,1.8,1000.5
2016-05-27,20.9,61.3,1.7,1001.3
2016-05-28,21.7,56.1,2.1,997.9
2016-05-29,21.5,56.1,2.3,994.8
2016-05-30,22.1,57.3,2.4,996.9
2016-05-31,21.6,63.6,2.5,997.4
2016-06-01,23.3,45.8,2.1,997.4
2016-06-02,23.2,38.3,2.4,1000
2016-06-03,22.2,48.1,2.2,1000.9
2016-06-04,21.2,51.8,1.6,999.1
2016-06-05,24.7,47.3,1.7,1000.5
2016-06-06,23.3,49.1,2.3,1002.4
2016-06-07,21.7,69.5,1.7,1000.3
2016-06-08,22.1,65.9,2.3,999.7
2016-06-09,24.1,59.5,2,1000.9
2016-06-10,24.6,60.9,2.2,1001.6
2016-06-11,23.5,74.3,1.7,1000.1
2016-06-12,23.5,79.4,2.1,995.6
2016-06-13,23.5,70.5,2.4,992.2
2016-06-14,23.8,62.5,2.1,992.9
2016-06-15,20.9,81.8,2.7,990.5
2016-06-16,20.9,73.5,2.8,990.3
2016-06-17,23.8,63.1,2.5,998
2016-06-18,24.5,58,1.8,1001.3
2016-06-19,24.1,64.5,1.9,998.1
2016-06-20,24.7,66,1.7,996.7
2016-06-21,26,60.1,1.7,996.8
2016-06-22,24.3,75.1,2,995.5
2016-06-23,24.7,71,2.1,995.9
2016-06-24,23.1,75.8,2,989.7
2016-06-25,22.8,63.1,2.8,993.1
2016-06-26,24.4,58.4,2.7,998.7
2016-06-27,24.4,55.5,1.6,999.8
2016-06-28,24.7,61.1,1.8,1000.5
2016-06-29,25.3,58,2.2,1000.3
2016-06-30,24.6,78.1,2.8,999.8
2016-07-01,24,86.5,2.3,994.5
2016-07-02,23.5,81.4,2.4,994.9
2016-07-03,23.5,70.4,1.6,999.5
2016-07-04,21.8,85.1,3,999.4
2016-07-05,23.1,93.6,2.8,999.6
2016-07-06,22.9,74,1.9,1003.9
2016-07-07,24,71.6,1.3,1004.4
2016-07-08,27.3,66.5,1.8,999.9
2016-07-09,27.7,64.8,2,996.4
2016-07-10,27.9,64.4,1.8,994.7
2016-07-11,28.4,67.4,1.7,994
2016-07-12,26.3,65.5,2.1,992.3
2016-07-13,26.3,69,2.1,991.4
2016-07-14,27.5,66.9,2.1,991.7
2016-07-15,26.2,60,2.6,994.2
2016-07-16,20.8,92.8,3.5,990.1
2016-07-17,21.7,82.9,2.6,996.9
2016-07-18,24.4,75.1,1.5,1000.4
2016-07-19,27.1,65.5,1.5,1001.1
2016-07-20,28.6,62.5,1.9,1002.7
2016-07-21,28.3,61.3,2.2,1001
2016-07-22,29.1,64,2.2,999.6
2016-07-23,28.7,70.4,1.9,998.9
2016-07-24,28,77.9,2,1000.5
2016-07-25,28.4,75.3,1.9,1000.6
2016-07-26,28.4,69,2.6,997.6
2016-07-27,27.6,76.4,3.2,994.6
2016-07-28,28,70.6,2.8,996.1
2016-07-29,26.3,82.3,1.6,999
2016-07-30,28.6,73.5,2.1,1001.1
2016-07-31,28.9,72.1,1.6,1001.5
2016-08-01,28.4,72,1.6,1000.4
2016-08-02,27.2,72.5,1.2,999.3
2016-08-03,29.1,65.4,1.6,999.1
2016-08-04,30.7,59.6,1.6,999.6
2016-08-05,31.2,60.1,1.8,999.6
2016-08-06,30.5,64.8,1.7,998.1
2016-08-07,30.6,56,1.9,997.3
2016-08-08,30.5,63.1,1.8,997.5
2016-08-09,29.3,68.3,1.9,998.4
2016-08-10,29.4,66.3,1.9,999.9
2016-08-11,30.5,64.1,2,999.9
2016-08-12,30.4,68.3,2,997.8
2016-08-13,30.2,67.9,2.4,996.2
2016-08-14,28.9,74,1.9,994.8
2016-08-15,29.1,65.5,1.9,992.1
2016-08-16,29.3,64.9,1.6,991.6
2016-08-17,29.9,60.4,1.9,993.6
2016-08-18,29.9,61.9,1.6,995.6
2016-08-19,28.9,69.5,1.4,996.6
2016-08-20,30.1,59,1.7,996.4
2016-08-21,30.7,57.5,2.1,996.3
2016-08-22,30.7,58,2.1,996.1
2016-08-23,28.3,68.8,2.1,996.4
2016-08-24,29.1,59.1,1.8,996.9
2016-08-25,27.1,70.4,1.9,995.4
2016-08-26,23,57,3.6,999.1
2016-08-27,23.4,43.3,3.1,999.5
2016-08-28,21,62.5,2.6,995.8
2016-08-29,22.2,54.5,2,992.1
2016-08-30,20.6,60.4,3.3,982.4
2016-08-31,17.7,85.3,3.8,981
2016-09-01,23.2,71.3,3.1,990.5
2016-09-02,24.2,68.5,2.7,996.8
2016-09-03,23.9,73.8,1.8,998.8
2016-09-04,25.6,71.3,1.5,1001
2016-09-05,26.4,66.1,1.7,999.7
2016-09-06,24.7,69,1.8,999
2016-09-07,24.3,69.8,1.8,996.3
2016-09-08,23,76.4,1.3,996.9
2016-09-09,23.9,71.1,1.8,999.8
2016-09-10,24.4,65.4,1.6,1002.2
2016-09-11,24.5,66.3,1.7,1004.6
2016-09-12,23.4,68.9,1.9,1006.4
2016-09-13,24.6,62.5,1.8,1007.8
2016-09-14,24.6,66.1,1.8,1007.4
2016-09-15,23.9,68.1,1.3,1006.4
2016-09-16,24.6,64.9,1.5,1004.6
2016-09-17,23.1,64.8,2.9,1001.5
2016-09-18,23.5,53.4,3.1,1001.7
2016-09-19,21.9,53.3,3.5,1003.1
2016-09-20,20.6,41.1,3.1,1007
2016-09-21,20.2,43.4,2,1011
2016-09-22,21.9,46.3,1.8,1008.2
2016-09-23,21.4,57.9,1.6,1007
2016-09-24,22.3,60.6,1.6,1006.2
2016-09-25,23,57.6,1.2,1006.7
2016-09-26,23.6,59.1,1.8,1006.1
2016-09-27,21,82.5,1.3,1006.3
2016-09-28,19.9,84.6,1.3,1005.2
2016-09-29,20.4,64.4,3,1006.2
2016-09-30,20.5,66.9,1.6,1005.3
2016-10-01,21.1,69,1.2,1007.7
2016-10-02,19,84.1,2.7,1003.7
2016-10-03,22.7,73.3,2.7,999.9
2016-10-04,22,58.9,2.4,1004.9
2016-10-05,21.1,61.9,3,1001
2016-10-06,18,59.3,2.6,1010.9
2016-10-07,19.7,67.8,2.6,1009.4
2016-10-08,16.8,66.4,2.9,1002.5
2016-10-09,11.3,46.3,2.9,1009.8
2016-10-10,14,43.3,1.6,1010.7
2016-10-11,15.4,62.4,1.8,1010.1
2016-10-12,15.5,57,2,1012
2016-10-13,15.2,44.1,1.4,1013
2016-10-14,16.7,61.8,1.3,1015
2016-10-15,19.1,60.6,1.3,1014.9
2016-10-16,17.2,74.1,1.5,1009.2
2016-10-17,17.5,76.1,1.4,1007.9
2016-10-18,17,70.9,1.4,1009.8
2016-10-19,18,67.6,1.5,1008
2016-10-20,18.6,61.3,1.8,1009
2016-10-21,17.9,58.6,3,1009.7
2016-10-22,18.3,59,1.8,1004.4
2016-10-23,13.3,66.3,4,1006.9
2016-10-24,15.1,54.8,2.4,1007.3
2016-10-25,14.1,84,2.2,1001.3
2016-10-26,13.3,81,1.4,1010
2016-10-27,14.6,65.4,1.9,1012.7
2016-10-28,14.6,61.8,2.5,1007.2
2016-10-29,7.8,40.3,3,1015.6
2016-10-30,7.9,31.9,1.5,1019
2016-10-31,5.7,59.9,2,1016.5
2016-11-01,1.5,43.6,2.7,1020.2
2016-11-02,4.1,53.1,1.4,1016.7
2016-11-03,9.1,62.8,1.6,1011.4
2016-11-04,12.3,67,2.7,1005.6
2016-11-05,15,77.4,2.2,1003.5
2016-11-06,14,59.4,3.4,1013.2
2016-11-07,12.8,71.3,2.8,1012.3
2016-11-08,4.1,58,3.5,1014.8
2016-11-09,2.1,41.1,1.9,1018.8
2016-11-10,6,55.5,2,1010.4
2016-11-11,9.1,63.3,2.2,1008.3
2016-11-12,11.4,62.1,2.3,1011.7
2016-11-13,14.4,74.8,1.7,1010.9
2016-11-14,13.2,78.5,1.7,1006.1
2016-11-15,5.2,44.3,2.8,1011.3
2016-11-16,5.2,44.3,1.4,1013.5
2016-11-17,9.1,56.4,1.2,1014
2016-11-18,10.3,58.4,1.9,1008.4
2016-11-19,13,71.1,2.2,1003.9
2016-11-20,9.8,48.6,2.5,1011.2
2016-11-21,9.5,40.5,2.2,1008.5
2016-11-22,2,43.3,3.9,1012.8
2016-11-23,-1.8,37.5,3,1016.7
2016-11-24,-2.5,37.8,2.1,1017
2016-11-25,1,43.9,1.5,1017.3
2016-11-26,0.9,69.6,2.3,1013.4
2016-11-27,3.3,81.3,1.5,1011.3
2016-11-28,1.4,57.9,2.5,1017.6
2016-11-29,1.7,40.8,1.6,1022.5
2016-11-30,6,59.8,2,1015.6
2016-12-01,4.1,47.6,3.6,1016.3
2016-12-02,1.6,48.4,1.8,1020.7
2016-12-03,4.5,58.8,1.4,1016.2
2016-12-04,5.5,60.1,1.2,1008.1
2016-12-05,5.9,69.1,3,1007.5
2016-12-06,-1.1,38.5,2.5,1015.7
2016-12-07,1.7,58.3,2.3,1010.9
2016-12-08,2.1,70,1.7,1007.5
2016-12-09,1.4,65.8,2.8,1009.8
2016-12-10,-1.6,47.6,1.9,1016.5
2016-12-11,-1.1,42.6,1.2,1017.8
2016-12-12,2.3,37.9,1.9,1013.6
2016-12-13,3.4,53.6,2,1008.9
2016-12-14,-1.4,68.1,2.7,1009.8
2016-12-15,-5,41.8,3,1013.4
2016-12-16,-4.7,40.3,2.2,1017.2
2016-12-17,2.7,60.1,1.8,1018
2016-12-18,4.9,68.8,1.9,1018.4
2016-12-19,7.2,66,2.5,1013.8
2016-12-20,7.6,71.3,1.2,1016.5
2016-12-21,7.9,75.5,3.5,1011.1
2016-12-22,5.5,90.3,3.5,998.8
2016-12-23,-2.5,71.1,3.6,1009.9
2016-12-24,-2.4,66,1.8,1019.9
2016-12-25,1,69.5,1.7,1019.3
2016-12-26,2.5,73.8,1.4,1010.9
2016-12-27,-2.3,54.6,3.5,1012.5
2016-12-28,-3.7,49,1.8,1019.1
2016-12-29,-4.2,53.1,2.8,1019.8
2016-12-30,-3.9,50.9,1.3,1021.9
2016-12-31,0.7,65.4,1.5,1019
2017-01-01,2.7,75.9,1.5,1017.1
2017-01-02,5,77.8,2.1,1011.8
2017-01-03,2,61.8,1.8,1013.4
2017-01-04,3.9,55,1.7,1013.2
2017-01-05,3.8,52.3,3.1,1016.6
2017-01-06,5.4,58.5,2.4,1015.9
2017-01-07,4.6,64.9,1.4,1010.9
2017-01-08,6.5,61.4,2.6,1003.9
2017-01-09,1.5,60.8,3.3,1006.7
2017-01-10,-3.7,45.1,3.2,1013.2
2017-01-11,-3.8,36.4,2.1,1014.3
2017-01-12,-2.2,43.1,3.1,1007.6
2017-01-13,-6,47.4,2.9,1006.9
2017-01-14,-8.4,33.3,3.8,1014.8
2017-01-15,-6.6,35.3,2.3,1017.2
2017-01-16,-3.8,37.6,1.4,1018.6
2017-01-17,-2,46.6,1.5,1020.6
2017-01-18,-0.5,68.9,1.3,1019.5
2017-01-19,-1.2,55.4,1.6,1012.8
2017-01-20,-4.4,70.3,3,1011.5
2017-01-21,-5.2,78.1,1.6,1015.4
2017-01-22,-8.3,51.3,3.8,1016.7
2017-01-23,-8.9,48.4,2.2,1020.4
2017-01-24,-7,49.6,2,1023.4
2017-01-25,-5.2,50.6,1.5,1023.4
2017-01-26,-1.3,64.4,2.2,1015.8
2017-01-27,-2.6,47.3,3.4,1016.5
2017-01-28,-1.6,38,1.7,1016
2017-01-29,0.8,71.1,1.8,1008.3
2017-01-30,-4.8,61.4,3.3,1014.4
2017-01-31,-5.4,44.8,1.7,1018.2
2017-02-01,-4,44.5,2.5,1018.2
2017-02-02,-2.7,52.9,2.7,1019.4
2017-02-03,1.5,65.4,1.5,1016
2017-02-04,0.9,69.4,1.6,1010.3
2017-02-05,1.2,75.3,2.1,1003
2017-02-06,-1.7,51,3,1011.5
2017-02-07,-2,45.4,1.5,1014.4
2017-02-08,-2.2,50.1,2,1008.4
2017-02-09,-5.3,47,3.8,1005.1
2017-02-10,-6.6,44.3,4.1,1007.5
2017-02-11,-4.8,45.4,2.8,1013.5
2017-02-12,-2.2,51.3,2.1,1017.8
2017-02-13,0.1,59.6,1.6,1019.5
2017-02-14,0.3,46,2.5,1021.8
2017-02-15,1.8,52.1,1.4,1018.9
2017-02-16,5.5,63.9,2,1009
2017-02-17,0.8,56.9,3.9,1010.8
2017-02-18,-2.6,49.4,2.8,1014.9
2017-02-19,2.3,68,1.9,1004.8
2017-02-20,-1.5,53.8,4.2,1007.1
2017-02-21,-0.6,37.1,1.6,1018.4
2017-02-22,1.7,70.8,2.7,1005.6
2017-02-23,-1.5,56.4,3.8,1008.4
2017-02-24,-0.8,51.3,2.2,1013.4
2017-02-25,2.6,63.6,2.3,1011.1
2017-02-26,3.6,52.8,2.1,1014
2017-02-27,3.7,37.4,1.8,1016.4
2017-02-28,5.6,41.5,2,1013.9
2017-03-01,5,65,1.8,1006
2017-03-02,1.8,59.5,3.1,1005.2
2017-03-03,3.3,54.4,2.1,1009.6
2017-03-04,5.7,60,1.6,1008.4
2017-03-05,5.2,71.6,2.1,1005.6
2017-03-06,0.1,41.3,4,1006
2017-03-07,-1.3,37.5,3.9,1006
2017-03-08,-0.1,50.6,3.1,1003.9
2017-03-09,3.2,47.3,3.1,1002.1
2017-03-10,4.8,37.4,2.2,1008.7
2017-03-11,7.3,37.4,1.8,1012.4
2017-03-12,8.2,58.4,2,1010.2
2017-03-13,6.9,49.8,2.5,1007.9
2017-03-14,5.8,37.5,3.2,1008.2
2017-03-15,6.3,34.9,2.1,1012.3
2017-03-16,6.2,41.8,1.9,1011.1
2017-03-17,7.7,43.1,2,1012.9
2017-03-18,9.5,34.1,2.3,1013.8
2017-03-19,10.9,36,1.6,1014.9
2017-03-20,10.2,40.4,1.8,1008.5
2017-03-21,7.4,48.1,3.1,1005.8
2017-03-22,7.6,32.8,2.5,1010.2
2017-03-23,9.1,34,2.2,1009.8
2017-03-24,8.7,41.4,2.1,1010.4
2017-03-25,8.1,41.1,2.1,1008.8
2017-03-26,7.3,53.1,2.2,1007.8
2017-03-27,6.1,67.4,2.5,1009.3
2017-03-28,7.1,59.8,1.9,1012.5
2017-03-29,8.8,54.9,2.3,1012
2017-03-30,10.6,50,1.9,1010.9
2017-03-31,8.6,70.6,2.4,1007.8
2017-04-01,9,60.5,2.1,1005.5
2017-04-02,9,53.1,2.1,1008.1
2017-04-03,11.4,45.6,2.1,1012.1
2017-04-04,14.1,35.3,2,1013.1
2017-04-05,12,66,2.4,1006.2
2017-04-06,10.4,90,2.4,1001.9
2017-04-07,14.5,68.1,2.1,1003.6
2017-04-08,13,74.5,2.5,1002.2
2017-04-09,14.8,59.6,2.8,1003.8
2017-04-10,16.5,25.8,2.8,1001.5
2017-04-11,15.3,36.8,3.2,995.9
2017-04-12,11.5,21.8,3.7,1004.5
2017-04-13,12.7,54,2.5,1005.9
2017-04-14,13,57.9,3.5,1001.6
2017-04-15,16.8,59.4,2.2,1003.5
2017-04-16,18.7,52.9,1.4,1004.1
2017-04-17,14.7,66.5,2.2,992.1
2017-04-18,11.7,76.5,2.5,988.8
2017-04-19,12.6,43.1,2.9,999.9
2017-04-20,12.9,45.4,2.3,1002.2
2017-04-21,13.1,56.5,2,1000.9
2017-04-22,14.8,48.4,2.1,1002.8
2017-04-23,14.9,40,2.4,1006.8
2017-04-24,15.1,39.4,2.7,1008.5
2017-04-25,16,56.8,2.7,1008.1
2017-04-26,15.1,36,3.3,1005.6
2017-04-27,13.6,41.8,3.3,1001.4
2017-04-28,14.4,57.3,3,995
2017-04-29,17.1,44.3,2.7,996.5
2017-04-30,19.3,57.9,2.6,997.3
2017-05-01,20.1,50.8,1.9,1005.9
2017-05-02,20.7,42,2.1,1011.1
2017-05-03,21.5,34.1,2,1010.5
2017-05-04,21,43.6,2,1006
2017-05-05,20.9,53.4,3.2,1003.4
2017-05-06,14.9,32,3.8,1005
2017-05-07,16.6,42.6,3.2,1003.5
2017-05-08,17.9,43.6,2.1,1003.6
2017-05-09,17.1,62.6,1.6,1000.5
2017-05-10,16.4,73,2.5,999.6
2017-05-11,19.3,65.3,1.8,1001.1
2017-05-12,19.1,71.6,2.1,998.7
2017-05-13,16.4,77.8,3.1,995.6
2017-05-14,15.7,58.3,3.7,999.2
2017-05-15,16,61.4,2.8,1001.5
2017-05-16,17.1,60.5,2,1000.6
2017-05-17,18.6,51.5,2.1,1001.1
2017-05-18,20.4,41.9,2.3,1005.5
2017-05-19,21.1,42.6,2.6,1006.7
2017-05-20,20.9,44,2.4,1005.7
2017-05-21,21.5,48.1,2.3,1004.9
2017-05-22,21.8,53.6,2,1003.8
2017-05-23,20,68,1.9,1000.6
2017-05-24,21.8,60.4,2,998
2017-05-25,19.2,45.6,3.4,994.9
2017-05-26,17.7,41.5,2.9,997.7
2017-05-27,19.5,46.1,2.2,1001.7
2017-05-28,21.2,50.6,2.7,1001.4
2017-05-29,22.9,61.8,2.3,1001.7
2017-05-30,23.6,43.5,2.4,999.4
2017-05-31,23.3,49.1,1.9,992.9
2017-06-01,23.3,51.8,3.1,989.2
2017-06-02,20.5,37.4,2.8,994
2017-06-03,20.5,44,3,997.5
2017-06-04,21.7,36.9,2.6,1001.4
2017-06-05,24.2,33.3,1.9,1004.5
2017-06-06,19.4,60,2.5,1002.6
2017-06-07,17.6,91.4,2.4,994.7
2017-06-08,20.1,67.3,2.8,999.7
2017-06-09,21.2,69.8,3.3,996.8
2017-06-10,21.5,46.8,2.3,996.9
2017-06-11,22.8,33.8,2.2,998.3
2017-06-12,22.1,45.5,2.8,1004.1
2017-06-13,21.5,63,2.4,1004.1
2017-06-14,21.8,63,2.8,1000.8
2017-06-15,23.1,62.4,2.5,998.1
2017-06-16,25.5,55.8,2.2,999.3
2017-06-17,24.2,52.3,2.4,1000.5
2017-06-18,24.3,52,2.3,1000.2
2017-06-19,24.8,50.9,1.8,999.4
2017-06-20,26,43.4,2.1,995
2017-06-21,25.4,52.6,2.9,995.6
2017-06-22,25.3,57.3,2.5,998.7
2017-06-23,26.7,53,2,996.2
2017-06-24,24.5,60.4,1.2,993.3
2017-06-25,23.8,75.4,1.5,992.6
2017-06-26,23.1,76.9,2.2,997.3
2017-06-27,25.2,67.5,2.2,999.7
2017-06-28,26,63.5,2.1,1001.9
2017-06-29,26.2,64.8,2.2,1001.1
2017-06-30,25.9,65.9,2.2,998.2
2017-07-01,25.3,73.6,2,997.4
2017-07-02,24.3,90.5,2.5,996.8
2017-07-03,24.7,87.6,3.5,995.7
2017-07-04,26.7,74.5,2,996
2017-07-05,27.4,66.9,1.5,1000
2017-07-06,27.6,72.3,1.7,1000.1
2017-07-07,26.4,80.8,2,997.7
2017-07-08,26,83.3,2.6,996.5
2017-07-09,26.3,88,1,996.3
2017-07-10,24,96.5,2.3,991.1
2017-07-11,26,81.4,2.1,997.2
2017-07-12,27.1,75.9,2.3,1000.2
2017-07-13,27.6,71,1.5,998
2017-07-14,28.7,68.4,2.1,998
2017-07-15,25,89,2.2,999.5
2017-07-16,26.2,83.4,1.4,1001.8
2017-07-17,26.8,77.3,2,1001.9
2017-07-18,26.5,80.6,1.6,999.5
2017-07-19,28.3,71.4,1.8,997.1
2017-07-20,29.9,66.1,2.2,996.6
2017-07-21,29.8,73.1,2.5,998.2
2017-07-22,29.3,75.8,2.3,999.1
2017-07-23,27,89.5,2.1,994.9
2017-07-24,26.2,82.3,1.2,992.9
2017-07-25,29.4,64.1,1.9,993.9
2017-07-26,28.7,55.6,2.7,997.6
2017-07-27,27.1,62.5,1.9,998.2
2017-07-28,25.5,92.1,1.5,998
2017-07-29,27.2,72.3,2.3,997.6
2017-07-30,27.9,64.4,1.9,997.2
2017-07-31,25.7,82.3,1.4,998.9
2017-08-01,28.6,73,1.7,1000.1
2017-08-02,30,71.9,1.3,997.4
2017-08-03,30.2,60.6,2.2,995.2
2017-08-04,30.3,60.1,2.1,995.5
2017-08-05,31.4,63,1.9,993.4
2017-08-06,29.8,71.9,1.9,990.9
2017-08-07,29.2,68.1,2.4,989.7
2017-08-08,28.2,67.1,1.9,989.8
2017-08-09,27.6,66.4,2.3,988.1
2017-08-10,24.8,89.9,2,991
2017-08-11,27,72.5,2.3,996.4
2017-08-12,27.8,60.3,2.1,1000.6
2017-08-13,26.3,62.1,2.8,1000.4
2017-08-14,24.6,67.5,3.6,996.2
2017-08-15,21.9,93.8,3.6,993.2
2017-08-16,23.3,80.5,3.7,995.5
2017-08-17,24.8,77.1,2.1,998
2017-08-18,26.3,75.6,1.3,1001
2017-08-19,26.1,75.8,2,1001.9
2017-08-20,23.2,95.6,2.9,998.6
2017-08-21,25.8,81.5,2.4,997.1
2017-08-22,27.3,70.6,1.9,1001.9
2017-08-23,27.2,84.1,2.6,1001.3
2017-08-24,26.5,85.3,4,996
2017-08-25,25.3,61.9,1.7,998.6
2017-08-26,24.2,54.5,2,1003.8
2017-08-27,22.7,62,1.4,1005
2017-08-28,21.5,73.1,1.5,1001.5
2017-08-29,19.5,51.4,3.2,1004.3
2017-08-30,19.8,55.8,1.5,1003.9
2017-08-31,22.2,62.4,1.6,1002.2
2017-09-01,23.3,56,2.2,1002.6
2017-09-02,23.8,59,1.8,1002.6
2017-09-03,23.7,64,1.6,1004.8
2017-09-04,24.6,53.8,1.6,1005.2
2017-09-05,21.9,62.4,1.7,1001.8
2017-09-06,20.6,75.5,1.2,998.6
2017-09-07,22.4,73.3,1.4,997.9
2017-09-08,24.3,67.5,1.7,1001.4
2017-09-09,23.8,70.1,1.4,1003.2
2017-09-10,23,74.3,1.4,1003.4
2017-09-11,21.2,79.8,1.7,997.7
2017-09-12,22.1,58.6,1.9,1003.6
2017-09-13,21.4,49.3,1.9,1008.4
2017-09-14,22.4,48.8,1.7,1009.3
2017-09-15,22.6,48.4,3.6,1009
2017-09-16,22,50.9,3.6,1004.5
2017-09-17,23.1,51.3,2.7,997.6
2017-09-18,21.9,62.8,2.1,998.3
2017-09-19,22.6,79.1,3,998.8
2017-09-20,19.5,48.9,2.4,1002.4
2017-09-21,20.3,57.3,1.6,1004
2017-09-22,20.6,60.8,2.1,1003
2017-09-23,21.8,69.8,1.6,1005.4
2017-09-24,22.4,71.5,2,1005.1
2017-09-25,23.4,58,1.4,1004.8
2017-09-26,25.1,57,1.9,1002.2
2017-09-27,22.7,66.4,1.7,997.7
2017-09-28,19.2,49.1,2.8,1000.5
2017-09-29,17.4,39.3,2.2,1007.5
2017-09-30,20,64.9,1.5,1011.1
2017-10-01,18.2,74.8,2.3,1006.8
2017-10-02,22,62.3,2.3,1001.3
2017-10-03,17.6,49.8,2.3,1008.2
2017-10-04,16.7,48.5,1.8,1013.1
2017-10-05,18.7,56.4,2.1,1013.1
2017-10-06,18.9,66.4,2.3,1008.9
2017-10-07,21.9,67.6,1.2,1009.7
2017-10-08,23,66.9,1.4,1012
2017-10-09,22.5,66,1.5,1011.4
2017-10-10,21.4,76.9,1.3,1008.2
2017-10-11,15.5,77.1,2.9,1008.1
2017-10-12,11.4,71,2,1010.4
2017-10-13,12.8,51,3.2,1012.1
2017-10-14,14.4,42.8,,1015.5
2017-10-15,15.8,42.5,1.7,1017.1
2017-10-16,16.6,47.6,1.7,1016.4
2017-10-17,16.2,47.1,1.3,1014.1
2017-10-18,16.5,58.8,2.4,1012.9
2017-10-19,17,58.3,1.8,1009.2
2017-10-20,17,58.6,1.5,1008.8
2017-10-21,17.6,52.8,1.3,1007.6
2017-10-22,16.3,50.4,3.1,1004
2017-10-23,13.7,47,1.4,1007.8
2017-10-24,14.4,54.3,1.9,1013.6
2017-10-25,14.4,59,1.5,1014.5
2017-10-26,14.5,56.5,1.2,1011.3
2017-10-27,16.9,54.4,1.2,1009.6
2017-10-28,17.2,51.9,2,1009.8
2017-10-29,11.5,45.6,3.3,1007.1
2017-10-30,7.7,27.4,2.4,1015.1
2017-10-31,10.4,54.3,1.8,1014.6
2017-11-01,14.4,72.4,2.1,1010.4
2017-11-02,15.5,78.8,1.6,1007.9
2017-11-03,12.3,66,3.2,1009.3
2017-11-04,7.8,47.9,2.5,1018.1
2017-11-05,8.4,52.5,1.5,1018.3
2017-11-06,11.4,64.5,1.5,1014.2
2017-11-07,14.4,61.4,1.5,1010.4
2017-11-08,13.1,53.3,3,1009.8
2017-11-09,9.4,39.6,1.2,1013.5
2017-11-10,9.8,56.3,3,1005.8
2017-11-11,5.9,42.9,2.2,1011.1
2017-11-12,5.3,57.1,1.4,1011.3
2017-11-13,8.4,64.4,1.9,1006.7
2017-11-14,7.5,42.5,2.4,1008.5
2017-11-15,3.2,38.3,2.8,1011.3
2017-11-16,1,30.3,1.5,1014.6
2017-11-17,3,39.4,2.2,1009.2
2017-11-18,-2.1,38.5,3.4,1013
2017-11-19,-1.6,37.8,2.2,1016.4
2017-11-20,-0.4,55.3,1.4,1016
2017-11-21,1.3,55.6,1.4,1015.7
2017-11-22,4.3,54.8,2.4,1007.8
2017-11-23,0.9,49.3,2.1,1009.8
2017-11-24,-0.4,62.5,1.8,1013.9
2017-11-25,3,77.6,1.8,1012.6
2017-11-26,3.3,71.6,1.8,1014.4
2017-11-27,2.5,53,1.3,1016.1
2017-11-28,6.4,64.1,1.1,1011.9
2017-11-29,3.2,48.3,2.8,1015.3
2017-11-30,-2.4,26.8,3.3,1018
2017-12-01,-2.2,49.4,1.6,1019.9
2017-12-02,1.9,59.9,1.7,1017.3
2017-12-03,4.9,83.1,1.5,1012.5
2017-12-04,-1.2,48.1,3.4,1012.2
2017-12-05,-4.2,40.1,,1012
2017-12-06,0.2,72.6,,1011.7
2017-12-07,0.7,64.5,1.7,1012
2017-12-08,-3.8,41.3,1.8,1013.2
2017-12-09,-0.5,46.1,1,1009.6
2017-12-10,1.1,67.9,2,1004
2017-12-11,-7,40.5,3.5,1012.9
2017-12-12,-9.4,41.9,2.1,1019.3
2017-12-13,-8.7,42,1.7,1021.4
2017-12-14,-6.6,42.9,0.9,1020.9
2017-12-15,-3,52.6,1,1016
2017-12-16,-5.7,43.1,3,1016.7
2017-12-17,-6.7,38.1,1.9,1019.7
2017-12-18,-1.6,80,1.2,1015.9
2017-12-19,-3.9,49.4,2.1,1020.7
2017-12-20,-3.9,68,1.1,1020
2017-12-21,-0.9,71.4,1.2,1020.3
2017-12-22,3.4,66.6,1.1,1015.3
2017-12-23,6.1,75.8,1.1,1012
2017-12-24,2.9,82,1.9,1003.2
2017-12-25,-2.1,43.1,2.8,1012.2
2017-12-26,-3.8,41.8,2.9,1014.7
2017-12-27,-6.9,31.4,1.9,1019.3
2017-12-28,-2.1,47,1.3,1019
2017-12-29,2.1,67,1.1,1016.1
2017-12-30,1.4,79.5,0.9,1013.9
2017-12-31,-0.3,54.4,2.3,1012.8
2018-01-01,-1.3,39.1,1.4,1016.8
2018-01-02,-1.8,42,1.8,1018.1
2018-01-03,-4.7,42.3,2.2,1019.9
2018-01-04,-4.7,43,1.4,1016.5
2018-01-05,-3,48.4,1.7,1010.3
2018-01-06,-2.8,45.8,1.5,1012.9
2018-01-07,-0.8,42.1,0.8,1010.7
2018-01-08,1.3,51.9,1.8,1000.6
2018-01-09,-4.2,59.4,2.9,1002.8
2018-01-10,-7.5,52,3,1007.9
2018-01-11,-11.1,49.8,2.8,1015.9
2018-01-12,-10.2,35.4,1.7,1020.6
2018-01-13,-4.4,67.3,0.8,1021.1
2018-01-14,0.6,64.1,1.2,1017.9
2018-01-15,4.7,63.9,1.4,1012.8
2018-01-16,3.5,59.1,0.7,1007.6
2018-01-17,4.5,64.1,1.2,1007.2
2018-01-18,2.1,59.6,1.9,1012.9
2018-01-19,1,43,1.6,1013.5
2018-01-20,2.2,57.6,1.6,1012
2018-01-21,0.4,36.6,1,1012.7
2018-01-22,0.2,56.5,1.5,1005.2
2018-01-23,-11.7,42,3.7,1013.4
2018-01-24,-14.2,31.6,3.4,1018.3
2018-01-25,-14,32.6,2.8,1019.1
2018-01-26,-14.8,34.9,2.6,1018.9
2018-01-27,-9.9,37.4,1.4,1017.8
2018-01-28,-6.3,36,2.6,1011.6
2018-01-29,-8.5,35,2.7,1013
2018-01-30,-5.3,62,1.3,1014.7
2018-01-31,-2.6,54.5,1.6,1016.6
2018-02-01,-4,44.1,1.6,1018.3
2018-02-02,-2.4,51.1,1.6,1017.5
2018-02-03,-7.3,47,3.8,1017.2
2018-02-04,-9.5,40.9,3.1,1017.3
2018-02-05,-9.4,37.8,3,1015.1
2018-02-06,-10.1,36.5,3.1,1014.4
2018-02-07,-8,39.8,1.5,1015.4
2018-02-08,-4.4,43.3,1.2,1014
2018-02-09,0.4,43.9,1.1,1011.8
2018-02-10,-0.5,47.4,3,1010.9
2018-02-11,-6.1,42.5,2.7,1011.3
2018-02-12,-5.8,40.8,2.7,1011
2018-02-13,-0.8,54.5,2.7,1011
2018-02-14,3.5,51,2.6,1006.3
2018-02-15,-0.7,28,2.5,1011.5
2018-02-16,-1.1,40.1,2.1,1008.1
2018-02-17,-3,25.6,2.9,1014.1
2018-02-18,-0.4,26.9,1.3,1015.5
2018-02-19,1.8,48.6,1.5,1013.3
2018-02-20,0.9,41,2.5,1012.8
2018-02-21,-0.9,31.5,2.3,1013.4
2018-02-22,1.3,59,2.2,1010.6
2018-02-23,4.2,81.1,1.9,1010.1
2018-02-24,2.4,49.4,2.1,1016.8
2018-02-25,1.9,40.6,1.7,1014.6
2018-02-26,3.1,43.1,1.4,1013.9
2018-02-27,4.2,48.8,0.9,1012.5
2018-02-28,4.6,73.3,2,1000.1
2018-03-01,-0.2,61.9,3.8,1001.1
2018-03-02,-0.7,34,1.5,1007.5
2018-03-03,7.9,38.1,1.5,1003.7
2018-03-04,9.8,89.1,1.2,1003
2018-03-05,5.5,67.5,2,1007.9
2018-03-06,4.5,46.8,1.6,1018.8
2018-03-07,6.4,54,1.8,1016.7
2018-03-08,4.6,76,1.9,1009.3
2018-03-09,4.5,63.3,1.5,1012.6
2018-03-10,4.6,65.8,2,1013.4
2018-03-11,6.4,51.3,2,1014.7
2018-03-12,8,45.8,1.4,1011.8
2018-03-13,12.4,60.5,1.8,1008.3
2018-03-14,17,58.8,2.3,1008.5
2018-03-15,12.4,92.1,2.1,1003.3
2018-03-16,7.1,46.9,1.9,1014.1
2018-03-17,6.6,48,1.5,1016.6
2018-03-18,8.2,55.9,1.2,1010.7
2018-03-19,8,64.5,2.5,1006.2
2018-03-20,4.7,39.9,3.4,1013
2018-03-21,2.1,64.1,1.7,1007.5
2018-03-22,4.9,61.5,2.2,1004.4
2018-03-23,6.1,55.3,2,1009.1
2018-03-24,7.6,61.9,2.1,1011.8
2018-03-25,9.6,65.6,1.7,1014
2018-03-26,11,64.5,1.9,1011.3
2018-03-27,13.3,61.1,1.6,1007.3
2018-03-28,14,66.4,2.2,1006.6
2018-03-29,15.4,66.3,1.6,1009.6
2018-03-30,14.8,55.6,1.7,1012.7
2018-03-31,14,52.9,1.9,1009.9
2018-04-01,15.6,68.8,1.5,1006.3
2018-04-02,18.4,64,1.9,1005.4
2018-04-03,17.8,72.9,2.1,1006.4
2018-04-04,13.4,67,1.9,1007.4
2018-04-05,7.6,90.6,2,1005.7
2018-04-06,5.8,71.6,3.1,1001
2018-04-07,4.2,45.5,4.1,1003.4
2018-04-08,3.9,59.6,1.8,1004.7
2018-04-09,7.9,57.9,1.1,1007.5
2018-04-10,15.1,51,3.5,1000
2018-04-11,12.6,49.4,3,1000.8
2018-04-12,13.3,30.5,2.6,1007.7
2018-04-13,14.6,22.9,1.3,1011.8
2018-04-14,9,78.8,1.8,999.5
2018-04-15,9.5,65.5,2.4,1002.3
2018-04-16,11.6,41.9,1.6,1009.3
2018-04-17,12.9,37.9,1.9,1009.5
2018-04-18,12.4,35.4,1.9,1007.4
2018-04-19,14,38.8,1.9,1007.8
2018-04-20,18.4,46,1.3,1009.3
2018-04-21,18.7,32,1.9,1008.1
2018-04-22,15.5,57.4,1.1,1007.9
2018-04-23,9.3,93.9,2.2,1005
2018-04-24,12.1,63.3,1.4,1001.6
2018-04-25,14.6,37.8,1.5,1003.2
2018-04-26,14.9,51.9,2.1,1003.7
2018-04-27,15.7,52.9,1.7,1004.2
2018-04-28,15.4,49,2,1006.2
2018-04-29,16.2,43.1,1.9,1003.4
2018-04-30,19.2,61.6,1.6,1004.4
2018-05-01,20.4,72.8,1.5,1003.5
2018-05-02,15.1,90.4,1.9,994.9
2018-05-03,11.2,62.4,2.7,997.4
2018-05-04,14.1,45.5,2.7,1001.5
2018-05-05,18.3,46.8,2.6,1004.7
2018-05-06,16.6,86.4,1.1,997.7
2018-05-07,19.2,60.3,1.2,996.5
2018-05-08,17.5,50.9,1.7,1003.9
2018-05-09,15.7,50.4,1.7,1010.6
2018-05-10,15.4,67.4,2.3,1012.1
2018-05-11,16.1,59.8,1.8,1008.2
2018-05-12,14.2,89.3,0.9,999.8
2018-05-13,15.8,82.5,1.9,998.3
2018-05-14,18.2,71.4,1.4,1001.3
2018-05-15,23.2,56.4,1.1,1000
2018-05-16,22.3,93.8,1.9,995.1
2018-05-17,20.9,97,1.4,994
2018-05-18,16.3,86.8,1.3,996.2
2018-05-19,17.6,47.5,1.5,1005.9
2018-05-20,17,32.1,1.4,1009.2
2018-05-21,17.8,43.9,1.4,1007.9
2018-05-22,18.1,75.5,1.1,1002
2018-05-23,17.3,57.1,2.5,998.4
2018-05-24,18.3,47.4,2.2,999.5
2018-05-25,19.7,47.4,1.8,998.5
2018-05-26,21.8,50.1,1.4,998.8
2018-05-27,20.3,47.4,1.7,1000.4
2018-05-28,22.3,49.8,1.6,999.9
2018-05-29,21.4,69.3,1.8,1001.2
2018-05-30,20.2,69.8,1.9,1000
2018-05-31,20.9,58.9,1.9,1001.4
2018-06-01,23.8,50.4,1.9,1004.7
2018-06-02,23.4,44.5,2,1005.1
2018-06-03,24,39.4,1.6,1003
2018-06-04,22.6,50.1,1.9,1002.6
2018-06-05,23.7,52.5,1.7,1001.6
2018-06-06,23,62.9,2,1002.1
2018-06-07,22.2,69.3,2,1001.7
2018-06-08,21.9,68,2.1,998.8
2018-06-09,23.7,60.6,1.4,997.1
2018-06-10,21.3,59.9,1.4,994.7
2018-06-11,20.2,67.3,1.4,990.9
2018-06-12,21.3,65.5,1.7,993
2018-06-13,22,64,1.5,996.2
2018-06-14,21.6,74.9,1.1,997.7
2018-06-15,21.7,60.8,1.4,1001
2018-06-16,22.5,56.4,1.4,1002.1
2018-06-17,22.8,66.9,1.3,1000.3
2018-06-18,24.8,54.9,1.5,996.9
2018-06-19,22.4,61.3,1.8,994.8
2018-06-20,22.7,68.1,2.3,994
2018-06-21,23.7,60.1,2.2,997.1
2018-06-22,25,45.1,1.8,998.3
2018-06-23,24.5,50.6,2,994.8
2018-06-24,25.2,62.8,1.9,998.1
2018-06-25,27.1,57.1,1.2,1000.2
2018-06-26,22.3,88.3,2.4,993.7
2018-06-27,22.3,81.9,2,992.3
2018-06-28,23.3,85.1,1.1,989.6
2018-06-29,24.7,78.5,1.5,993.1
2018-06-30,24.4,83.8,0.9,999.6
2018-07-01,21.9,94.6,0.8,999.3
2018-07-02,22.6,95.4,0.7,997.5
2018-07-03,27.4,74.4,0.8,990.1
2018-07-04,27.3,69.6,1.7,988.1
2018-07-05,25.3,72.8,1.2,993.3
2018-07-06,23.9,57.8,1.8,998.2
2018-07-07,23.7,51.4,1.6,1000.3
2018-07-08,23.3,51.5,1.5,1002.4
2018-07-09,20.8,82.3,1.1,1004.9
2018-07-10,23.7,87.8,0.7,1004.4
2018-07-11,26.8,82.9,1.3,1004.9
2018-07-12,26.6,82.4,1.5,1003.4
2018-07-13,27.3,74.8,1.8,1002.4
2018-07-14,27.9,69.6,1.9,1001.4
2018-07-15,28.3,69.6,1.6,1002.3
2018-07-16,28.7,64.3,1.7,1002.4
2018-07-17,28.1,66.5,1.7,1002.2
2018-07-18,28.2,64.8,1.6,1001.9
2018-07-19,28.7,64.1,1.6,1001.1
2018-07-20,29.5,62.6,1.5,999.4
2018-07-21,30.6,53.6,1.5,999
2018-07-22,31.8,49.6,1.4,998.6
2018-07-23,31.7,53.8,1.8,999
2018-07-24,31.4,59.5,1.6,997.4
2018-07-25,30.1,66.3,2.4,997.5
2018-07-26,30.1,68.8,1.5,997.5
2018-07-27,30.9,69.3,1.9,997.2
2018-07-28,29.5,77.1,1.2,996.1
2018-07-29,31.3,52.4,1.2,994.2
2018-07-30,31.7,50.9,1.2,994.3
2018-07-31,32.6,50.5,1.5,994.7
2018-08-01,33.6,55.5,1.7,993.4
2018-08-02,33.7,54.4,1.6,995.6
2018-08-03,33.1,55.3,1.9,997.4
2018-08-04,31.1,60.6,2.4,998.2
2018-08-05,30,71.8,2.6,997.6
2018-08-06,30.5,71.6,1.6,996.8
2018-08-07,30.5,63.4,1.5,997.2
2018-08-08,31,64.8,2.1,996.8
2018-08-09,28.8,76.3,1.5,994.5
2018-08-10,30.7,60.9,1.4,993.6
2018-08-11,31,55.8,1.5,995.3
2018-08-12,30.6,61.3,1.5,997.4
2018-08-13,30.5,68.6,1.4,1000.4
2018-08-14,31.7,58.3,1.3,1000
2018-08-15,31.7,59.5,1.2,997.3
2018-08-16,29.9,51,1.7,999.6
2018-08-17,27.2,39.8,1.8,1002.4
2018-08-18,26.7,44.6,1.4,1001.1
2018-08-19,28.2,50.6,1.2,999.8
2018-08-20,29.1,55.6,2,995.3
2018-08-21,26.6,71.4,2.5,993.9
2018-08-22,30.7,54.1,1.1,994.7
2018-08-23,29.4,59.1,1.7,990.2
2018-08-24,24.4,86.3,2.5,987.5
2018-08-25,25.2,68,2.6,999.2
2018-08-26,23.2,70,1.2,1002
2018-08-27,22.7,91,0.8,1001.6
2018-08-28,23.7,92.4,0.9,1001.5
2018-08-29,25.2,86,2.4,999.1
2018-08-30,25.3,80.9,1.8,999.2
2018-08-31,25.6,67.4,1.6,1000.3
2018-09-01,25.5,59.4,1.3,1001.5
2018-09-02,25.1,55.8,1.5,999.2
2018-09-03,23.3,85.3,1,991.9
2018-09-04,23.2,69.4,2.2,988
2018-09-05,24,63.5,2.5,992.9
2018-09-06,24.1,69.9,2,994.2
2018-09-07,22,54.6,2.5,995.7
2018-09-08,21.7,48.8,1.7,1003.5
2018-09-09,22.2,49,1.2,1006.4
2018-09-10,22.9,49.5,1.6,1010.6
2018-09-11,21.6,48.1,1.5,1010.8
2018-09-12,22.8,52,1.4,1008.1
2018-09-13,23.5,63.5,1.2,1007
2018-09-14,23.5,66.9,1.3,1005.6
2018-09-15,23.3,76,1,1004.4
2018-09-16,22.2,83.6,1.7,1005.4
2018-09-17,22.3,64.3,1.9,1007
2018-09-18,22,59.8,1.2,1006.6
2018-09-19,22.1,59.1,1,1004.1
2018-09-20,19,82.4,1.8,1000.7
2018-09-21,19.4,85.8,1.3,1000.3
2018-09-22,20.8,62.3,1.8,1004.6
2018-09-23,19.4,52.9,1.6,1005.8
2018-09-24,17.6,48.3,2.1,1008.7
2018-09-25,17.8,48,1.1,1009.5
2018-09-26,19.4,47.9,1.7,1009.8
2018-09-27,18.9,47.6,1.3,1008.9
2018-09-28,17.5,58.1,1.2,1008.5
2018-09-29,20.2,55.5,1,1003.9
2018-09-30,17.6,52.5,2.3,996.1
2018-10-01,15.4,55.1,2.9,997.9
2018-10-02,15.9,61.4,1.6,1007.1
2018-10-03,17.3,58,1.3,1011.7
2018-10-04,19.3,56.5,1.3,1013.5
2018-10-05,16.9,84.1,1.7,1008.1
2018-10-06,18,84,2.2,997.1
2018-10-07,16.4,53.5,1.7,1006.6
2018-10-08,14.8,47,1.1,1009.3
2018-10-09,15.3,52.5,1.1,1005.9
2018-10-10,12,61,2.5,1007.1
2018-10-11,9.7,51,2.1,1012.5
2018-10-12,10.9,54,1.3,1015.6
2018-10-13,12.5,54,1,1015.2
2018-10-14,13.2,60,1.5,1012.5
2018-10-15,15.2,69.9,1.4,1009.9
2018-10-16,14.5,55.9,1.3,1006.5
2018-10-17,12.4,53.3,1.3,1005.8
2018-10-18,12.7,59.5,1.1,1010
2018-10-19,13.1,54.3,1.4,1014.9
2018-10-20,13.4,53.9,1.2,1015.3
2018-10-21,13.4,49.5,1.1,1013.1
2018-10-22,14,50,1,1009.9
2018-10-23,12.2,75.1,1.1,1007.2
2018-10-24,12.5,66,1.3,1010.5
2018-10-25,13.8,55.5,0.9,1010.1
2018-10-26,12.2,74.1,1.6,1001.6
2018-10-27,8.7,49.6,3.2,1004.5
2018-10-28,8.3,77.1,1.5,999.8
2018-10-29,7.2,57.3,2,1004.3
2018-10-30,6.1,51.3,1.6,1011.2
2018-10-31,7.4,55.4,1.6,1013.1
2018-11-01,8.4,53.4,1.3,1015.8
2018-11-02,10.6,54.9,1.1,1017.3
2018-11-03,11.2,56,1.3,1015
2018-11-04,11.6,55,1.3,1012.2
2018-11-05,11.9,65.5,1.1,1012.9
2018-11-06,12.2,70.5,0.9,1014.7
2018-11-07,12.8,79.5,1.1,1014
2018-11-08,11.8,93.8,1.8,1002.5
2018-11-09,12.1,69,3.1,1006.9
2018-11-10,11.9,69.1,1.4,1013.4
2018-11-11,8.1,67.6,1.1,1011.9
2018-11-12,8.1,52.3,1.2,1009.6
2018-11-13,8.8,51.6,1.1,1009.6
2018-11-14,9.8,55.5,1.1,1012.9
2018-11-15,9.7,55.4,1,1014.2
2018-11-16,8.8,65.1,1.7,1011.6
2018-11-17,4.9,50.8,1.4,1013.1
2018-11-18,6.1,48.8,1.1,1011.2
2018-11-19,6.5,50.4,1.4,1012.2
2018-11-20,6.5,39.9,1.8,1014.4
2018-11-21,5.8,57.1,1.2,1013.9
2018-11-22,2.3,35,2.4,1015.5
2018-11-23,1.9,29.6,1.4,1017.9
2018-11-24,2.6,71.1,1.8,1013.2
2018-11-25,4.8,77.8,1,1014
2018-11-26,6.3,70.1,1,1014.3
2018-11-27,7.1,65,1.5,1012.3
2018-11-28,5,27.1,1.6,1014.3
2018-11-29,3.5,41.4,1.3,1016.1
2018-11-30,2.7,46.1,1.4,1016.5
2018-12-01,5.5,42.3,1,1016.6
2018-12-02,8.2,50.1,1.3,1013.1
2018-12-03,11.5,87.4,1.4,1005.9
2018-12-04,6.7,74.9,2.7,1009.1
2018-12-05,0,39.5,1.5,1016.5
2018-12-06,2.4,50.5,2.3,1012.9
2018-12-07,-7.3,37.1,3.8,1021.6
2018-12-08,-8.3,37.1,2.6,1022.9
2018-12-09,-7.2,27,1.5,1025.7
2018-12-10,-2.5,33.3,0.9,1023.5
2018-12-11,0.2,44.8,1.2,1017.8
2018-12-12,-1.9,39,2.2,1018.8
2018-12-13,-2.2,57.4,2,1018.6
2018-12-14,-4.4,44.3,1.7,1024.2
2018-12-15,-2.4,46.8,1,1021.4
2018-12-16,0,63.8,0.9,1010
2018-12-17,1.6,60.1,1.8,1007.8
2018-12-18,2.6,56.3,1.4,1009.4
2018-12-19,4,53.4,1.4,1010.4
2018-12-20,3.4,45.5,0.9,1012.8
2018-12-21,5.6,40.1,1.1,1012.5
2018-12-22,6.9,48.9,1.5,1012.5
2018-12-23,2.4,43,2.9,1014.1
2018-12-24,-2.3,35.9,1.6,1017
2018-12-25,0.6,53.4,1.2,1013.3
2018-12-26,-1.5,40.8,2.8,1014.9
2018-12-27,-10.1,28.3,3.5,1019.5
2018-12-28,-10.5,33,2.5,1021.6
2018-12-29,-7.6,29,2.9,1024.3
2018-12-30,-6.8,35.9,1.2,1026.8
2018-12-31,-5.4,39.6,1.2,1026.2
2019-01-01,-5,49.5,2.1,1022.6
2019-01-02,-4.9,42.8,1.7,1023.4
2019-01-03,-3.5,38.8,1.4,1024.2
2019-01-04,-1.1,55.5,1.2,1019.5
2019-01-05,-2.8,40.3,2.2,1016.6
2019-01-06,-2.8,35,1.2,1017.6
2019-01-07,-1.9,46.4,1.4,1017.4
2019-01-08,-3.5,31,2.6,1018.2
2019-01-09,-4.7,28.8,1.3,1022
2019-01-10,-0.6,48.8,1.3,1015.5
2019-01-11,2.4,58.8,1,1014.2
2019-01-12,2.8,47.6,1.3,1012.1
2019-01-13,1.2,54.3,1.4,1014.8
2019-01-14,1.4,68.6,0.9,1014.8
2019-01-15,-1.7,58.8,2.7,1013.2
2019-01-16,-5.2,45.9,2.3,1015.9
2019-01-17,-0.3,45.8,1.7,1013.4
2019-01-18,0.6,44,1.3,1016.7
2019-01-19,3.6,59.8,1.2,1011.7
2019-01-20,-1.4,38.5,3.2,1011.7
2019-01-21,-1.2,57.8,1.6,1010.7
2019-01-22,1.7,62,1.7,1008.6
2019-01-23,2,48.9,2.3,1009.6
2019-01-24,0.1,34.9,1.7,1013.7
2019-01-25,-1.2,27.6,2.6,1013.4
2019-01-26,-2.5,30.9,2.4,1017.5
2019-01-27,-0.1,52.5,1.7,1015.9
2019-01-28,1.2,40.4,3.1,1011.6
2019-01-29,-0.2,35.5,1.5,1016.9
2019-01-30,1.8,54.6,1.5,1014.9
2019-01-31,-2,29,2.9,1010.5
2019-02-01,-2.1,47.6,1.7,1013
2019-02-02,1.4,60,1,1011.2
2019-02-03,3.3,92.9,1.7,1002.2
2019-02-04,-0.6,40.4,2.1,1014.7
2019-02-05,2.8,37.1,1,1010.6
2019-02-06,5.1,54.9,1.3,1005.6
2019-02-07,-2.1,45.5,3.5,1011.9
2019-02-08,-6.1,31.5,2.3,1015.3
2019-02-09,-5.4,30,2.7,1017.4
2019-02-10,-5,31.3,1.7,1019.8
2019-02-11,-3,34.9,2.3,1020.7
2019-02-12,-0.6,35.5,1.9,1023
2019-02-13,-2.1,26.6,2.4,1022
2019-02-14,-0.5,24.3,1.4,1019.9
2019-02-15,-0.8,72.8,1.9,1012.9
2019-02-16,-2.7,59,2.6,1013.5
2019-02-17,-1.8,47.4,1.9,1015.5
2019-02-18,0.9,43.5,1.3,1014.7
2019-02-19,1.4,80.8,1.4,1008.7
2019-02-20,1.7,67.8,2.1,1014.5
2019-02-21,2.4,59.4,1.5,1015.9
2019-02-22,4,56.1,1.5,1011.3
2019-02-23,6.8,41,1.1,1012.8
2019-02-24,6.3,45,1.8,1012.1
2019-02-25,4.7,55.8,2.3,1011.1
2019-02-26,5.2,32.8,1.6,1013.4
2019-02-27,7.8,31.3,1.6,1010.7
2019-02-28,6.6,39.5,2,1008.4
2019-03-01,6.6,42.3,2.1,1011.2
2019-03-02,7.8,37.6,1.1,1008.7
2019-03-03,9.4,36.4,1.5,1002.5
2019-03-04,9.9,46.1,1.9,1003.2
2019-03-05,8.4,66.3,2,1009.6
2019-03-06,8.4,55,2,1005.6
2019-03-07,7,51.1,2.2,1009.1
2019-03-08,6.1,39.4,1.9,1014.3
2019-03-09,7.2,31.8,1.3,1011.2
2019-03-10,10.1,26.4,1.2,1003.2
2019-03-11,6.6,61,1.8,998.7
2019-03-12,3.9,55.1,2.7,1000.8
2019-03-13,3.5,38.5,3.3,1009.3
2019-03-14,5,45.3,1.9,1011.9
2019-03-15,5.5,72.8,1.6,1006.8
2019-03-16,4.3,69.9,1.8,1009.9
2019-03-17,6.3,55.4,2,1012.6
2019-03-18,7.1,43.8,1.4,1009.4
2019-03-19,10,52,1.4,1006.5
2019-03-20,10.3,79,1.4,999.8
2019-03-21,7.1,77.4,2.9,998.1
2019-03-22,3.3,40.9,2.8,1009.4
2019-03-23,3.3,46.9,2.4,1010.4
2019-03-24,4.3,45.4,2.3,1010.6
2019-03-25,7.3,56.1,2,1006.6
2019-03-26,11.4,51.1,2,1006.8
2019-03-27,11.6,66.4,3,1002.2
2019-03-28,9.4,49.9,2.6,1003.4
2019-03-29,9.2,33.1,2.1,1003.5
2019-03-30,5.2,72,2.9,1002.1
2019-03-31,4.4,46,3.2,1008.7
2019-04-01,5.5,39.8,2.5,1011.8
2019-04-02,6.7,36.9,2.2,1012.2
2019-04-03,7.6,36.1,2.3,1012.7
2019-04-04,9.2,43,2.5,1007.2
2019-04-05,11.4,41,2.9,999.4
2019-04-06,9.3,39.9,1.1,1001.7
2019-04-07,12.6,43.1,1.7,1000.2
2019-04-08,11.6,25.6,2.5,1004.7
2019-04-09,9.2,49.1,2.4,1005.6
2019-04-10,7.1,78.4,1.8,1002.4
2019-04-11,9.5,58,1.9,1004.8
2019-04-12,11.4,48.5,2.2,1007.7
2019-04-13,11.8,34,1.8,1009.2
2019-04-14,9.6,45.5,2.2,1004.8
2019-04-15,11.6,30.9,1.8,1008.3
2019-04-16,14.9,26.3,1.6,1006.8
2019-04-17,15.3,37.5,1.9,1002.4
2019-04-18,12.6,74.4,2,1001.8
2019-04-19,13.8,57.5,1.6,1005.9
2019-04-20,14.3,66.9,1.9,1004.7
2019-04-21,14.8,77.8,1.9,1003.4
2019-04-22,19.3,50.6,1.4,1004.7
2019-04-23,20.4,52,1.3,1002.2
2019-04-24,19.5,70.4,1.6,996.3
2019-04-25,13.2,75.9,2,996.9
2019-04-26,8.4,82.1,1.5,1003.1
2019-04-27,11.6,52.6,1.7,1010.9
2019-04-28,12.9,48.8,1.6,1010.2
2019-04-29,13,52.9,0.9,1004
2019-04-30,15.5,52.8,1.6,998.7
2019-05-01,16.4,48.9,2.3,996.4
2019-05-02,17.1,28.5,2.3,1001.6
2019-05-03,17.9,37.5,1.6,1006.4
2019-05-04,19.5,40.4,1.7,1007.8
2019-05-05,19.2,35.8,2.2,1005.8
2019-05-06,14.5,27.1,3.1,1006.4
2019-05-07,15,33.4,2.3,1005.7
2019-05-08,15.6,48.3,2.3,1002.1
2019-05-09,16.6,43.3,2.2,1000.8
2019-05-10,17.8,48,1.9,1003.1
2019-05-11,20.3,39,1.8,1003.7
2019-05-12,21.6,36,1.5,1004.8
2019-05-13,18.7,43.4,1.6,1004.4
2019-05-14,19.6,44.5,1.6,1003
2019-05-15,20.7,48.1,1.7,1002.9
2019-05-16,23.5,43.8,1.5,1001.9
2019-05-17,23.6,44.9,1.2,1002.2
2019-05-18,22.8,46.8,2.1,1001.8
2019-05-19,19.4,93,1.2,998.8
2019-05-20,16.4,63.6,3.4,994.9
2019-05-21,17.2,52,2.9,995.2
2019-05-22,19.5,46,2.4,995.3
2019-05-23,22.1,45,1.7,998.4
2019-05-24,24.2,46.4,1.7,1000.8
2019-05-25,23.4,45.6,1.6,1005
2019-05-26,24.5,39,1.8,1003.7
2019-05-27,17.8,80.9,2.4,994.5
2019-05-28,18.1,45.9,2.6,1000.7
2019-05-29,20.3,48.4,2,999.7
2019-05-30,19.6,48,2.4,1000.7
2019-05-31,19.1,49.6,2.8,1000.3
2019-06-01,18.9,60.5,1.9,1000.1
2019-06-02,21.1,42.1,1.7,997.6
2019-06-03,23.1,42.9,1.8,997.9
2019-06-04,22.6,56.4,2.2,999.3
2019-06-05,23,63.8,1.8,1001.8
2019-06-06,21.2,75.9,1.2,999.9
2019-06-07,20,77.3,1.9,993.5
2019-06-08,21.9,57.5,1.4,997.9
2019-06-09,21.6,66.1,1.8,995.5
2019-06-10,18.4,70.3,1.6,997.3
2019-06-11,20.5,51.1,1.4,998.8
2019-06-12,21.5,57.1,1.8,1000.3
2019-06-13,23,51.9,1.7,999.7
2019-06-14,23,54.8,1.8,995.3
2019-06-15,21.9,61.5,2.4,990.5
2019-06-16,22,55.4,1.6,996.7
2019-06-17,21.7,59.1,2.3,1001.8
2019-06-18,20.8,78.6,1.5,1000.3
2019-06-19,21.4,77.8,1.9,997.8
2019-06-20,22.7,70.6,1.9,997.1
2019-06-21,22.1,72.9,1.7,996.1
2019-06-22,24.2,42.3,1.5,996.5
2019-06-23,25,40.4,1.8,998.2
2019-06-24,25.2,46.9,2,1001.9
2019-06-25,25.6,49.1,1.6,1004.2
2019-06-26,25.5,52.6,1.3,998.4
2019-06-27,25.5,70.5,1.4,990.9
2019-06-28,24.7,67.3,1.7,991.9
2019-06-29,23.1,72,1.2,988.3
2019-06-30,23.9,73.5,2.3,990.7
2019-07-01,23.9,64.4,2.3,995.4
2019-07-02,24.4,63.5,2.3,998.8
2019-07-03,24.1,64.6,1.7,998.1
2019-07-04,25.4,59.6,1.9,996.5
2019-07-05,27.6,42.1,1.5,993.2
2019-07-06,29.7,40.9,1.7,994.1
2019-07-07,26.7,43.3,2.2,997.5
2019-07-08,25.1,46.6,2,997.9
2019-07-09,25,46.4,1.8,996.7
2019-07-10,22.7,64.1,2,997.3
2019-07-11,21.9,76.9,1.3,995.2
2019-07-12,23.6,65.5,2,996.3
2019-07-13,24.9,67.3,1.7,992
2019-07-14,25.9,64.6,1.6,992.6
2019-07-15,23.8,80,1.1,997.2
2019-07-16,24.7,79,1.3,1000.7
2019-07-17,25.6,73.9,1.2,1001.2
2019-07-18,26.9,65,1.2,998.7
2019-07-19,28.6,61.3,1.5,996.4
2019-07-20,28,66.9,2.1,990.8
2019-07-21,25.1,87.1,2.2,991.8
2019-07-22,26.7,74.6,2.2,996.3
2019-07-23,28.1,70.8,1.7,995.3
2019-07-24,26.5,82.3,1.6,994.5
2019-07-25,26.3,90.1,1.2,994.6
2019-07-26,25.1,95.3,1.7,993.9
2019-07-27,28.4,76.6,1.3,995.7
2019-07-28,26.1,88.3,2.2,998.2
2019-07-29,27.5,74.5,2.6,999.2
2019-07-30,28.1,75.3,3.4,997.1
2019-07-31,25.8,91.1,2.2,999.3
2019-08-01,26.3,86.4,1.7,1002
2019-08-02,28.4,74.6,1.2,1001.8
2019-08-03,29.4,69,1.3,1001
2019-08-04,28.3,75.9,1.2,1000.9
2019-08-05,30.5,65.5,1.1,999.7
2019-08-06,31.6,51.4,1.5,996.9
2019-08-07,26.9,78.1,1.2,995.6
2019-08-08,28.9,71.4,1.6,998.3
2019-08-09,29.8,69,1.3,997.7
2019-08-10,31.5,57.9,1.5,996
2019-08-11,30.4,53.6,2.5,992.2
2019-08-12,26.6,91.8,1.3,990.7
2019-08-13,29.2,76.9,1.5,992.7
2019-08-14,30.4,63.9,1.5,990.2
2019-08-15,25.9,82,1.3,983.8
2019-08-16,25.9,74.5,2.2,985.6
2019-08-17,25.9,69.5,2.5,991.5
2019-08-18,25.6,66.5,1.7,996.9
2019-08-19,26.3,60.6,1.1,999.7
2019-08-20,28.2,56.3,1.5,999.9
2019-08-21,27,67.3,1.2,998.5
2019-08-22,26.9,66.5,1.7,996.5
2019-08-23,26.2,58.4,2.1,998.4
2019-08-24,24.1,60.9,1.5,1000.6
2019-08-25,25,66.6,1.5,1002.8
2019-08-26,26.4,63.8,1.2,1002
2019-08-27,25.7,71.1,1,997.7
2019-08-28,26.1,66.2,1.9,996.6
2019-08-29,23.4,77.1,2.2,995.9
2019-08-30,22.6,66.3,2.4,998.8
2019-08-31,23.5,65,1.9,1003.4
2019-09-01,23.7,64,1.4,1006.8
2019-09-02,24.4,56.6,1.6,1006.5
2019-09-03,24.1,67.6,2.3,1005.3
2019-09-04,22.8,89,2.5,1003.1
2019-09-05,23,91.4,2,1001.9
2019-09-06,25.3,79.8,2.1,999.2
2019-09-07,25.7,72.9,6,987.7
2019-09-08,24.7,76.9,1.9,998.3
2019-09-09,25.1,74.3,1.7,1000.6
2019-09-10,23.8,93.4,2.4,1001.7
2019-09-11,24.3,71.4,3.1,1004.6
2019-09-12,21,72.3,2.6,1006.6
2019-09-13,23.3,60.4,1.7,1003.6
2019-09-14,22.4,80,1.2,1001.6
2019-09-15,24.2,70.4,1.7,1000.8
2019-09-16,24.5,53,2.1,1001
2019-09-17,23.5,41.6,2.1,1004.7
2019-09-18,21,46,3.1,1006.7
2019-09-19,19.5,46.5,1.9,1008.2
2019-09-20,19.6,52.8,2.1,1007.5
2019-09-21,19.6,60.3,2,1009.1
2019-09-22,18.6,63.4,3.8,1003.2
2019-09-23,20,51.1,2.2,1004.4
2019-09-24,19.8,61.3,1.8,1008.6
2019-09-25,20.9,64.4,1.4,1011.7
2019-09-26,22.9,59.3,1.9,1013.6
2019-09-27,22.9,57.5,1.9,1012.1
2019-09-28,23.7,58.9,1.7,1008.1
2019-09-29,22.6,60.6,1.7,1006.7
2019-09-30,22.4,61,1.6,1006.8
2019-10-01,23.1,67.1,1.8,1007.9
2019-10-02,21.6,88,3,1001.7
2019-10-03,22.4,73.4,2.8,996.4
2019-10-04,22.4,71.5,2.1,1002.4
2019-10-05,18.7,72.6,2.9,1006.1
2019-10-06,18.1,53.4,2.9,1012.3
2019-10-07,14.8,92,1.8,1007.9
2019-10-08,14.7,58.8,2.6,1008.2
2019-10-09,13.6,48.3,1.7,1009.5
2019-10-10,15.2,60.9,1.3,1006.3
2019-10-11,18.8,60,1.9,1005.2
2019-10-12,17.9,49.3,3.5,1008
2019-10-13,17.2,52.6,1.9,1012.2
2019-10-14,14.4,56.9,2.5,1014.8
2019-10-15,14.5,55.6,1.6,1017.6
2019-10-16,14.6,58.3,1.6,1016
2019-10-17,15.4,56,1.7,1014.1
2019-10-18,17,58.3,2.4,1011.9
2019-10-19,17,63.8,1.8,1010.4
2019-10-20,16.5,70.3,1.3,1011.4
2019-10-21,17.1,61,1,1008.5
2019-10-22,18.1,56.1,1.6,1007.5
2019-10-23,17,57.3,2.4,1008.9
2019-10-24,18.3,47.6,2.7,1009.1
2019-10-25,16.7,58,2.4,1007.4
2019-10-26,10,60,2.5,1008.5
2019-10-27,11,59,1.6,1009.1
2019-10-28,12.9,65.9,2.5,1005.3
2019-10-29,12.5,61,2.3,1005.5
2019-10-30,11.2,60.3,1.6,1011.1
2019-10-31,14.8,73.8,2.3,1010.1
2019-11-01,14.9,57.9,1.8,1011.3
2019-11-02,13.6,57.3,1.5,1009.9
2019-11-03,14.7,57.8,2.1,1009.6
2019-11-04,13.8,57.8,2.1,1011.5
2019-11-05,12.4,65.1,1.6,1009
2019-11-06,11,63.6,1.8,1006.6
2019-11-07,9.2,42.8,2.7,1007.5
2019-11-08,6.8,31.4,1.9,1011.1
2019-11-09,9.5,41.4,1.6,1011
2019-11-10,10,59.6,2.1,1001.2
2019-11-11,11.2,71.6,2.4,1000.8
2019-11-12,9.3,63.6,1.4,1010.5
2019-11-13,7.2,72.3,2.8,1007.2
2019-11-14,1.3,30.6,2.9,1013.7
2019-11-15,5.6,87.4,2,1007.6
2019-11-16,6.8,81.3,1.6,1010.1
2019-11-17,8.3,79.4,3.1,1006.9
2019-11-18,4.6,59.8,3.9,1008.7
2019-11-19,0.2,48,2.8,1015.5
2019-11-20,0.5,35.5,1.8,1020.9
2019-11-21,4.2,37.4,1.9,1021.4
2019-11-22,9.7,34.1,2.1,1017
2019-11-23,12.1,52,1.8,1013.4
2019-11-24,9.8,74.6,2.2,1010.1
2019-11-25,1.9,62.1,2.7,1019.1
2019-11-26,6.6,64,2,1018.6
2019-11-27,3.1,50.8,2.7,1017.7
2019-11-28,3.5,52.4,2,1019.1
2019-11-29,1.5,42.8,2,1020.9
2019-11-30,4.1,42.6,1.7,1018
2019-12-01,4.6,79.4,1.6,1011.4
2019-12-02,-0.1,48,3.1,1011.8
2019-12-03,0.5,61.3,1.6,1014.4
2019-12-04,2,41.6,1.8,1018.5
2019-12-05,-4.4,31.9,3.2,1025.3
2019-12-06,-5.9,34.5,1.7,1025
2019-12-07,-2.4,65,1.7,1018.9
2019-12-08,-0.9,65.1,1.4,1018
2019-12-09,3.2,56.8,2.5,1012.4
2019-12-10,8.1,82.3,1.2,1008.4
2019-12-11,6.3,62,3.4,1007.1
2019-12-12,-0.7,45.4,1.8,1018
2019-12-13,2.1,53.6,2,1015.7
2019-12-14,2.7,58.3,2.3,1017.3
2019-12-15,5.3,52.5,2,1018.2
2019-12-16,7.8,58.9,1.9,1012.1
2019-12-17,7.7,81.4,2.3,1005.4
2019-12-18,0.8,64.6,2.5,1013.2
2019-12-19,-0.8,47.8,2.4,1015.3
2019-12-20,-1.1,45.3,2.3,1018.6
2019-12-21,-1.2,68.1,1.7,1016.4
2019-12-22,4.1,63.4,1.7,1010.1
2019-12-23,3.4,80.4,2,1011.5
2019-12-24,0.8,67.9,1.4,1016.6
2019-12-25,2,60.8,1,1013.1
2019-12-26,2,59,2.4,1007.2
2019-12-27,-1.7,45.4,2.1,1014.1
2019-12-28,1.1,47.6,2,1017.7
2019-12-29,3.8,52.5,2.9,1015
2019-12-30,2.7,70.3,2.9,1013
2019-12-31,-7.9,39.3,3.1,1023.7
2020-01-01,-2.2,64.4,0.6,1021.1
2020-01-02,1,65.4,1.2,1018.7
2020-01-03,-0.1,56.9,1.7,1016.4
2020-01-04,1.2,50.8,1.9,1015.4
2020-01-05,1.3,45.6,1.1,1019.7
